#
# A fatal error has been detected by the Java Runtime Environment:
#
#  SIGSEGV (0xb) at pc=0x000074b3aca5dd71, pid=3108, tid=3124
#
# JRE version: OpenJDK Runtime Environment Temurin-21.0.10+7 (21.0.10+7) (build 21.0.10+7-LTS)
# Java VM: OpenJDK 64-Bit Server VM Temurin-21.0.10+7 (21.0.10+7-LTS, mixed mode, sharing, tiered, compressed oops, compressed class ptrs, parallel gc, linux-amd64)
# Problematic frame:
# C  [libc.so.6+0x18bd71]
#
# Core dump will be written. Default location: Core dumps may be processed with "/wsl-capture-crash %t %E %p %s" (or dumping to /root/java/AgentCV_Java/core.3108)
#
# If you would like to submit a bug report, please visit:
#   https://github.com/adoptium/adoptium-support/issues
#

---------------  S U M M A R Y ------------

Command Line: --add-modules=ALL-SYSTEM --add-opens=java.base/java.util=ALL-UNNAMED --add-opens=java.base/java.lang=ALL-UNNAMED --add-opens=java.base/sun.nio.fs=ALL-UNNAMED -Declipse.application=org.eclipse.jdt.ls.core.id1 -Dosgi.bundles.defaultStartLevel=4 -Declipse.product=org.eclipse.jdt.ls.core.product -Djava.import.generatesMetadataFilesAtProjectRoot=false -DDetectVMInstallationsJob.disabled=true -Dfile.encoding=utf8 -XX:+UseParallelGC -XX:GCTimeRatio=4 -XX:AdaptiveSizePolicyWeight=90 -Dsun.zip.disableMemoryMapping=true -Xmx2G -Xms100m -Xlog:disable -javaagent:/root/.vscode-server/extensions/redhat.java-1.54.0-linux-x64/lombok/lombok-1.18.39-4050.jar -XX:+HeapDumpOnOutOfMemoryError -XX:HeapDumpPath=/root/.vscode-server/data/User/workspaceStorage/183b35a726069db3b3bebb403cde6151/redhat.java -Daether.dependencyCollector.impl=bf /root/.vscode-server/extensions/redhat.java-1.54.0-linux-x64/server/plugins/org.eclipse.equinox.launcher_1.7.100.v20251111-0406.jar -configuration /root/.vscode-server/data/User/globalStorage/redhat.java/1.54.0/config_linux -data /root/.vscode-server/data/User/workspaceStorage/183b35a726069db3b3bebb403cde6151/redhat.java/jdt_ws --pipe=/run/user/0/lsp-faa436f3ef1db295cd5bda65faeba53a.sock

Host: 13th Gen Intel(R) Core(TM) i9-13900HX, 32 cores, 7G, Ubuntu 20.04.6 LTS
Time: Mon Jun 29 14:51:21 2026 CST elapsed time: 17627.084328 seconds (0d 4h 53m 47s)

---------------  T H R E A D  ---------------

Current thread (0x000074b3a436c940):  JavaThread "C2 CompilerThread0" daemon [_thread_in_native, id=3124, stack(0x000074b345c87000,0x000074b345d88000) (1028K)]


Current CompileTask:
C2:17627084 22234       4       org.eclipse.jdt.internal.compiler.ast.MemberValuePair::resolveTypeExpecting (1350 bytes)

Stack: [0x000074b345c87000,0x000074b345d88000],  sp=0x000074b345d83208,  free space=1008k
Native frames: (J=compiled Java code, j=interpreted, Vv=VM code, C=native code)
C  [libc.so.6+0x18bd71]
V  [libjvm.so+0xbd7d10]  PhaseIdealLoop::get_late_ctrl_with_anti_dep(LoadNode*, Node*, Node*)+0x330
V  [libjvm.so+0xbd87ad]  PhaseIdealLoop::build_loop_late_post_work(Node*, bool)+0x5ed
V  [libjvm.so+0xbd8b60]  PhaseIdealLoop::build_loop_late(VectorSet&, Node_List&, Node_Stack&)+0x160
V  [libjvm.so+0xbd9470]  PhaseIdealLoop::build_and_optimize()+0x740
V  [libjvm.so+0x675ff6]  PhaseIdealLoop::optimize(PhaseIterGVN&, LoopOptsMode)+0x216
V  [libjvm.so+0x674340]  Compile::Optimize()+0x1330
V  [libjvm.so+0x675736]  Compile::Compile(ciEnv*, ciMethod*, int, Options, DirectiveSet*)+0xf36
V  [libjvm.so+0x59ad7b]  C2Compiler::compile_method(ciEnv*, ciMethod*, int, bool, DirectiveSet*)+0x18b
V  [libjvm.so+0x67bbce]  CompileBroker::invoke_compiler_on_method(CompileTask*)+0xc9e
V  [libjvm.so+0x67ef08]  CompileBroker::compiler_thread_loop()+0x738
V  [libjvm.so+0x92f8a8]  JavaThread::thread_main_inner()+0x1d8
V  [libjvm.so+0xf84d48]  Thread::call_run()+0xa8
V  [libjvm.so+0xd0e2da]  thread_native_entry(Thread*)+0xda

siginfo: si_signo: 11 (SIGSEGV), si_code: 1 (SEGV_MAPERR), si_addr: 0x000074b4c33e54ed

Registers:
RAX=0x0000000000000000, RBX=0x0000000000000080, RCX=0x00000002e89f34c0, RDX=0x000074b4c33e54ed
RSP=0x000074b345d83208, RBP=0x000074b345d83220, RSI=0x0000000000000000, RDI=0x000074b4c33e54ed
R8 =0x0000000000000000, R9 =0x000074b31c512260, R10=0x000074b31d4c26e8, R11=0x0000000000000001
R12=0x000074b345d83300, R13=0x000074b31d4c31f8, R14=0x000074b345d83300, R15=0x000074b31d4c2280
RIP=0x000074b3aca5dd71, EFLAGS=0x0000000000010206, CSGSFS=0x002b000000000033, ERR=0x0000000000000006
  TRAPNO=0x000000000000000e

XMM[0]=0x0000000000000000 0x0000000000000000
XMM[1]=0x0000000000000000 0x000000000000001c
XMM[2]=0x000074b3202f04b8 0x000074b3202f0300
XMM[3]=0x000074b320546fa0 0x000074b320552848
XMM[4]=0x000074b320546fa0 0x000074b320552848
XMM[5]=0x000074b3202f04b8 0x000074b3202f0300
XMM[6]=0x000074b3202f0018 0x000074b214114a20
XMM[7]=0x0000000000000000 0x0000000000000000
XMM[8]=0x000074b31c1eec98 0x000074b31c1efc58
XMM[9]=0x0000000000000000 0x0000000000000000
XMM[10]=0x0000000000000000 0x46293e5939a08cea
XMM[11]=0x0000000000000000 0x4376345785d8a000
XMM[12]=0x000074b31c5cb060 0x000074b31c5cb000
XMM[13]=0x0000000000000000 0x000074b31c5cb4e0
XMM[14]=0x0000000000000000 0x000074b31c5cb5a0
XMM[15]=0x0000000000000000 0x000074b31c5cb660
  MXCSR=0x00001fb2


Register to memory mapping:

RAX=0x0 is null
RBX=0x0000000000000080 is an unknown value
RCX=0x00000002e89f34c0 is an unknown value
RDX=0x000074b4c33e54ed is an unknown value
RSP=0x000074b345d83208 is pointing into the stack for thread: 0x000074b3a436c940
RBP=0x000074b345d83220 is pointing into the stack for thread: 0x000074b3a436c940
RSI=0x0 is null
RDI=0x000074b4c33e54ed is an unknown value
R8 =0x0 is null
R9 =0x000074b31c512260 points into unknown readable memory: 0x0000000000000000 | 00 00 00 00 00 00 00 00
R10=0x000074b31d4c26e8 points into unknown readable memory: 0x000074b31d4c25f8 | f8 25 4c 1d b3 74 00 00
R11=0x0000000000000001 is an unknown value
R12=0x000074b345d83300 is pointing into the stack for thread: 0x000074b3a436c940
R13=0x000074b31d4c31f8 points into unknown readable memory: 0x000074b31d4c2280 | 80 22 4c 1d b3 74 00 00
R14=0x000074b345d83300 is pointing into the stack for thread: 0x000074b3a436c940
R15=0x000074b31d4c2280 points into unknown readable memory: 0x000074b3ac6d2758 | 58 27 6d ac b3 74 00 00

Top of Stack: (sp=0x000074b345d83208)
0x000074b345d83208:   000074b3ac1e3028 000000000000004d
0x000074b345d83218:   000074b31d4c3228 000074b345d83300
0x000074b345d83228:   000074b3abdd7d10 000074b31c8e18c8
0x000074b345d83238:   000074b31c8e18c8 000074b345d83730
0x000074b345d83248:   000074b345d832a0 000074b31d4c15f8
0x000074b345d83258:   000074b31d4c2da8 000074b3000009a2
0x000074b345d83268:   000000120000002c 000074b31d4c0de0
0x000074b345d83278:   000074b31d4c26a8 000074b3a436adf0
0x000074b345d83288:   000074b300000004 000074b31c512240
0x000074b345d83298:   000074b300000001 000074b300000020
0x000074b345d832a8:   000074b31c512260 0000000000000020
0x000074b345d832b8:   000074b3a436adf0 0100000000000000
0x000074b345d832c8:   000074b31d4c2798 000074b345d83300
0x000074b345d832d8:   000074b31d4c0de0 000074b31d4c2da8
0x000074b345d832e8:   000074b345d83730 000074b31d4c26a8
0x000074b345d832f8:   000074b345d83730 000074b345d83350
0x000074b345d83308:   000074b3abdd87ad 0000000000001000
0x000074b345d83318:   000074b345d83480 000074b345d83350
0x000074b345d83328:   000074b31d4c2da8 0000000000000001
0x000074b345d83338:   000074b345d83730 000074b345d83480
0x000074b345d83348:   000074b345d83440 000074b345d833d0
0x000074b345d83358:   000074b3abdd8b60 000074b345d833b0
0x000074b345d83368:   000074b21434b188 000074b214352770
0x000074b345d83378:   000074b345d83798 0000000245d833a8
0x000074b345d83388:   000074b345d83460 000074b300000002
0x000074b345d83398:   000074b31d4c3548 000074b345d83480
0x000074b345d833a8:   0000000000000005 000074b345d83440
0x000074b345d833b8:   000000000000000a 000074b345d83480
0x000074b345d833c8:   000074b345d83730 000074b345d836f0
0x000074b345d833d8:   000074b3abdd9470 0000000000000000
0x000074b345d833e8:   000074b31c293f00 000074b300000add
0x000074b345d833f8:   000074b300000adc 000074b345d83460 

Instructions: (pc=0x000074b3aca5dd71)
0x000074b3aca5dc71:   ff ff 0f 18 89 80 fe ff ff 0f 18 89 40 fe ff ff
0x000074b3aca5dc81:   c5 fe 6f 01 c5 fe 6f 49 e0 c5 fe 6f 51 c0 c5 fe
0x000074b3aca5dc91:   6f 59 a0 48 81 e9 80 00 00 00 48 81 ea 80 00 00
0x000074b3aca5dca1:   00 c4 c1 7d e7 01 c4 c1 7d e7 49 e0 c4 c1 7d e7
0x000074b3aca5dcb1:   51 c0 c4 c1 7d e7 59 a0 49 81 e9 80 00 00 00 48
0x000074b3aca5dcc1:   81 fa 80 00 00 00 77 9c 0f ae f8 c5 fe 7f 27 c5
0x000074b3aca5dcd1:   fe 7f 6f 20 c5 fe 7f 77 40 c5 fe 7f 7f 60 c4 41
0x000074b3aca5dce1:   7e 7f 03 c5 f8 77 c3 0f 1f 84 00 00 00 00 00 f3
0x000074b3aca5dcf1:   0f 1e fa 48 39 d1 0f 82 63 28 fa ff 0f 1f 00 f3
0x000074b3aca5dd01:   0f 1e fa 48 c1 e2 02 c5 f9 6e c6 48 89 f8 c4 e2
0x000074b3aca5dd11:   7d 58 c0 eb 2a 66 2e 0f 1f 84 00 00 00 00 00 f3
0x000074b3aca5dd21:   0f 1e fa 48 39 d1 0f 82 33 28 fa ff 0f 1f 00 f3
0x000074b3aca5dd31:   0f 1e fa c5 f9 6e c6 48 89 f8 c4 e2 7d 78 c0 48
0x000074b3aca5dd41:   83 fa 20 0f 82 04 01 00 00 48 83 fa 40 77 77 c5
0x000074b3aca5dd51:   fe 7f 44 17 e0 c5 fe 7f 07 c5 f8 77 c3 66 90 f3
0x000074b3aca5dd61:   0f 1e fa c5 f8 77 48 89 d1 40 0f b6 c6 48 89 fa
0x000074b3aca5dd71:   f3 aa 48 89 d0 c3 66 0f 1f 84 00 00 00 00 00 f3
0x000074b3aca5dd81:   0f 1e fa 48 39 d1 0f 82 d3 27 fa ff 0f 1f 00 f3
0x000074b3aca5dd91:   0f 1e fa c5 f9 6e c6 48 89 f8 c4 e2 7d 78 c0 48
0x000074b3aca5dda1:   83 fa 20 0f 82 a4 00 00 00 48 83 fa 40 77 0e c5
0x000074b3aca5ddb1:   fe 7f 44 17 e0 c5 fe 7f 07 c5 f8 77 c3 48 81 fa
0x000074b3aca5ddc1:   00 08 00 00 77 9d 48 81 fa 80 00 00 00 77 19 c5
0x000074b3aca5ddd1:   fe 7f 07 c5 fe 7f 47 20 c5 fe 7f 44 17 e0 c5 fe
0x000074b3aca5dde1:   7f 44 17 c0 c5 f8 77 c3 48 8d 8f 80 00 00 00 c5
0x000074b3aca5ddf1:   fe 7f 07 48 83 e1 80 c5 fe 7f 44 17 e0 c5 fe 7f
0x000074b3aca5de01:   47 20 c5 fe 7f 44 17 c0 c5 fe 7f 47 40 c5 fe 7f
0x000074b3aca5de11:   44 17 a0 c5 fe 7f 47 60 c5 fe 7f 44 17 80 48 01
0x000074b3aca5de21:   fa 48 83 e2 80 48 39 d1 74 ba c5 fd 7f 01 c5 fd
0x000074b3aca5de31:   7f 41 20 c5 fd 7f 41 40 c5 fd 7f 41 60 48 81 c1
0x000074b3aca5de41:   80 00 00 00 48 39 ca 75 e1 c5 f8 77 c3 80 fa 10
0x000074b3aca5de51:   73 1c c4 e1 f9 7e c1 80 fa 08 73 20 80 fa 04 73
0x000074b3aca5de61:   27 80 fa 01 77 2c 72 02 88 0f c5 f8 77 c3 c5 fa 


Stack slot to memory mapping:

stack at sp + 0 slots: 0x000074b3ac1e3028: <offset 0x0000000000fe3028> in /root/.vscode-server/extensions/redhat.java-1.54.0-linux-x64/jre/21.0.10-linux-x86_64/lib/server/libjvm.so at 0x000074b3ab200000
stack at sp + 1 slots: 0x000000000000004d is an unknown value
stack at sp + 2 slots: 0x000074b31d4c3228 points into unknown readable memory: 0x000074b31d4c2ef0 | f0 2e 4c 1d b3 74 00 00
stack at sp + 3 slots: 0x000074b345d83300 is pointing into the stack for thread: 0x000074b3a436c940
stack at sp + 4 slots: 0x000074b3abdd7d10: <offset 0x0000000000bd7d10> in /root/.vscode-server/extensions/redhat.java-1.54.0-linux-x64/jre/21.0.10-linux-x86_64/lib/server/libjvm.so at 0x000074b3ab200000
stack at sp + 5 slots: 0x000074b31c8e18c8 points into unknown readable memory: 0x000074b3ac6d6ae0 | e0 6a 6d ac b3 74 00 00
stack at sp + 6 slots: 0x000074b31c8e18c8 points into unknown readable memory: 0x000074b3ac6d6ae0 | e0 6a 6d ac b3 74 00 00
stack at sp + 7 slots: 0x000074b345d83730 is pointing into the stack for thread: 0x000074b3a436c940


---------------  P R O C E S S  ---------------

Threads class SMR info:
_java_thread_list=0x000074b320142f20, length=51, elements={
0x000074b3a402ad30, 0x000074b3a4365630, 0x000074b3a4366b70, 0x000074b3a43682d0,
0x000074b3a43698e0, 0x000074b3a436ae50, 0x000074b3a436c940, 0x000074b3a436dfd0,
0x000074b3a43bb030, 0x000074b3a4425ac0, 0x000074b3a45e86d0, 0x000074b3a4643540,
0x000074b2dc025c70, 0x000074b3a4646290, 0x000074b2d43ad260, 0x000074b2d43fbe00,
0x000074b2d449feb0, 0x000074b2d4334fb0, 0x000074b2d4ae4850, 0x000074b290000e70,
0x000074b3a46a2420, 0x000074b3a47bed40, 0x000074b3a47bfe90, 0x000074b330000e70,
0x000074b2b80bd000, 0x000074b27453cf70, 0x000074b27453dc10, 0x000074b27456e8c0,
0x000074b274572860, 0x000074b274573780, 0x000074b2745757d0, 0x000074b1e4005570,
0x000074b1e4006030, 0x000074b23810d270, 0x000074b2b80d1020, 0x000074b2745d4bf0,
0x000074b29433b8e0, 0x000074b2b80daf40, 0x000074b29433ca30, 0x000074b29434ace0,
0x000074b1cc006300, 0x000074b1cc006a10, 0x000074b1cc004440, 0x000074b1cc029d70,
0x000074b1cc02a480, 0x000074b1cc02b160, 0x000074b1cc0092c0, 0x000074b1cc0032b0,
0x000074b1cc03f890, 0x000074b1cc040330, 0x000074b3201427d0
}

Java Threads: ( => current thread )
  0x000074b3a402ad30 JavaThread "main"                              [_thread_blocked, id=3110, stack(0x000074b3ac7c5000,0x000074b3ac8c6000) (1028K)]
  0x000074b3a4365630 JavaThread "Reference Handler"          daemon [_thread_blocked, id=3119, stack(0x000074b34618c000,0x000074b34628d000) (1028K)]
  0x000074b3a4366b70 JavaThread "Finalizer"                  daemon [_thread_blocked, id=3120, stack(0x000074b34608b000,0x000074b34618c000) (1028K)]
  0x000074b3a43682d0 JavaThread "Signal Dispatcher"          daemon [_thread_blocked, id=3121, stack(0x000074b345f8a000,0x000074b34608b000) (1028K)]
  0x000074b3a43698e0 JavaThread "Service Thread"             daemon [_thread_blocked, id=3122, stack(0x000074b345e89000,0x000074b345f8a000) (1028K)]
  0x000074b3a436ae50 JavaThread "Monitor Deflation Thread"   daemon [_thread_blocked, id=3123, stack(0x000074b345d88000,0x000074b345e89000) (1028K)]
=>0x000074b3a436c940 JavaThread "C2 CompilerThread0"         daemon [_thread_in_native, id=3124, stack(0x000074b345c87000,0x000074b345d88000) (1028K)]
  0x000074b3a436dfd0 JavaThread "C1 CompilerThread0"         daemon [_thread_blocked, id=3125, stack(0x000074b345b86000,0x000074b345c87000) (1028K)]
  0x000074b3a43bb030 JavaThread "Common-Cleaner"             daemon [_thread_blocked, id=3129, stack(0x000074b345984000,0x000074b345a85000) (1028K)]
  0x000074b3a4425ac0 JavaThread "Notification Thread"        daemon [_thread_blocked, id=3142, stack(0x000074b34537e000,0x000074b34547f000) (1028K)]
  0x000074b3a45e86d0 JavaThread "Active Thread: Equinox Container: 202ee4ca-3532-4f88-be35-afa56d27f2c0"        [_thread_blocked, id=3154, stack(0x000074b344e79000,0x000074b344f7a000) (1028K)]
  0x000074b3a4643540 JavaThread "Refresh Thread: Equinox Container: 202ee4ca-3532-4f88-be35-afa56d27f2c0" daemon [_thread_blocked, id=3159, stack(0x000074b344c77000,0x000074b344d78000) (1028K)]
  0x000074b2dc025c70 JavaThread "Framework Event Dispatcher: Equinox Container: 202ee4ca-3532-4f88-be35-afa56d27f2c0" daemon [_thread_blocked, id=3160, stack(0x000074b344b76000,0x000074b344c77000) (1028K)]
  0x000074b3a4646290 JavaThread "Start Level: Equinox Container: 202ee4ca-3532-4f88-be35-afa56d27f2c0" daemon [_thread_blocked, id=3161, stack(0x000074b344a75000,0x000074b344b76000) (1028K)]
  0x000074b2d43ad260 JavaThread "Bundle File Closer"         daemon [_thread_blocked, id=3170, stack(0x000074b344873000,0x000074b344974000) (1028K)]
  0x000074b2d43fbe00 JavaThread "SCR Component Actor"        daemon [_thread_blocked, id=3342, stack(0x000074b345681000,0x000074b345782000) (1028K)]
  0x000074b2d449feb0 JavaThread "Worker-JM"                         [_thread_blocked, id=3377, stack(0x000074b344671000,0x000074b344772000) (1028K)]
  0x000074b2d4334fb0 JavaThread "Worker-1"                          [_thread_blocked, id=3382, stack(0x000074b34416c000,0x000074b34426d000) (1028K)]
  0x000074b2d4ae4850 JavaThread "Java indexing"              daemon [_thread_blocked, id=3387, stack(0x000074b2b3cfd000,0x000074b2b3dfe000) (1028K)]
  0x000074b290000e70 JavaThread "Worker-3"                          [_thread_blocked, id=3391, stack(0x000074b2b3876000,0x000074b2b3977000) (1028K)]
  0x000074b3a46a2420 JavaThread "pool-2-thread-1"                   [_thread_blocked, id=3392, stack(0x000074b2b3775000,0x000074b2b3876000) (1028K)]
  0x000074b3a47bed40 JavaThread "WorkspaceEventsHandler"            [_thread_blocked, id=3408, stack(0x000074b2b316f000,0x000074b2b3270000) (1028K)]
  0x000074b3a47bfe90 JavaThread "pool-1-thread-1"                   [_thread_in_native, id=3409, stack(0x000074b2b306e000,0x000074b2b316f000) (1028K)]
  0x000074b330000e70 JavaThread "Attach Listener"            daemon [_thread_blocked, id=3694, stack(0x000074b2b2c6a000,0x000074b2b2d6b000) (1028K)]
  0x000074b2b80bd000 JavaThread "Worker-4"                          [_thread_blocked, id=129670, stack(0x000074b2b0c4a000,0x000074b2b0d4b000) (1028K)]
  0x000074b27453cf70 JavaThread "ForkJoinPool.commonPool-worker-34" daemon [_thread_blocked, id=129692, stack(0x000074b2b0e4c000,0x000074b2b0f4d000) (1028K)]
  0x000074b27453dc10 JavaThread "ForkJoinPool.commonPool-worker-35" daemon [_thread_blocked, id=129693, stack(0x000074b2b1755000,0x000074b2b1856000) (1028K)]
  0x000074b27456e8c0 JavaThread "ForkJoinPool.commonPool-worker-36" daemon [_thread_blocked, id=129694, stack(0x000074b2b2866000,0x000074b2b2967000) (1028K)]
  0x000074b274572860 JavaThread "ForkJoinPool.commonPool-worker-37" daemon [_thread_blocked, id=129709, stack(0x000074b2b1c5a000,0x000074b2b1d5b000) (1028K)]
  0x000074b274573780 JavaThread "ForkJoinPool.commonPool-worker-38" daemon [_thread_blocked, id=129710, stack(0x000074b2b2361000,0x000074b2b2462000) (1028K)]
  0x000074b2745757d0 JavaThread "ForkJoinPool.commonPool-worker-39" daemon [_thread_blocked, id=129711, stack(0x000074b2b2563000,0x000074b2b2664000) (1028K)]
  0x000074b1e4005570 JavaThread "Compiler Source File Reader" daemon [_thread_blocked, id=129713, stack(0x000074b19beff000,0x000074b19c000000) (1028K)]
  0x000074b1e4006030 JavaThread "Compiler Processing Task"   daemon [_thread_blocked, id=129714, stack(0x000074b2b1d5b000,0x000074b2b1e5c000) (1028K)]
  0x000074b23810d270 JavaThread "Cleaner-0"                  daemon [_thread_blocked, id=129761, stack(0x000074b2b1f5d000,0x000074b2b205e000) (1028K)]
  0x000074b2b80d1020 JavaThread "Compiler Source File Reader" daemon [_thread_blocked, id=129771, stack(0x000074b2b104e000,0x000074b2b114f000) (1028K)]
  0x000074b2745d4bf0 JavaThread "ForkJoinPool.commonPool-worker-40" daemon [_thread_blocked, id=129986, stack(0x000074b2b2462000,0x000074b2b2563000) (1028K)]
  0x000074b29433b8e0 JavaThread "Compiler Source File Reader" daemon [_thread_blocked, id=130043, stack(0x000074b2b2260000,0x000074b2b2361000) (1028K)]
  0x000074b2b80daf40 JavaThread "Compiler Source File Reader" daemon [_thread_blocked, id=130125, stack(0x000074b19bcfd000,0x000074b19bdfe000) (1028K)]
  0x000074b29433ca30 JavaThread "Worker-5"                          [_thread_blocked, id=130128, stack(0x000074b2b0644000,0x000074b2b0745000) (1028K)]
  0x000074b29434ace0 JavaThread "Compiler Source File Reader" daemon [_thread_blocked, id=130130, stack(0x000074b1c00fd000,0x000074b1c01fe000) (1028K)]
  0x000074b1cc006300 JavaThread "Compiler Source File Reader" daemon [_thread_blocked, id=130342, stack(0x000074b2b1250000,0x000074b2b1351000) (1028K)]
  0x000074b1cc006a10 JavaThread "Compiler Source File Reader" daemon [_thread_blocked, id=130343, stack(0x000074b1c01fe000,0x000074b1c02ff000) (1028K)]
  0x000074b1cc004440 JavaThread "Compiler Source File Reader" daemon [_thread_blocked, id=130344, stack(0x000074b2b1654000,0x000074b2b1755000) (1028K)]
  0x000074b1cc029d70 JavaThread "Compiler Source File Reader" daemon [_thread_blocked, id=130345, stack(0x000074b2b0543000,0x000074b2b0644000) (1028K)]
  0x000074b1cc02a480 JavaThread "Compiler Source File Reader" daemon [_thread_blocked, id=130346, stack(0x000074b2b1e5c000,0x000074b2b1f5d000) (1028K)]
  0x000074b1cc02b160 JavaThread "Compiler Source File Reader" daemon [_thread_blocked, id=130347, stack(0x000074b1c02ff000,0x000074b1c0400000) (1028K)]
  0x000074b1cc0092c0 JavaThread "Compiler Source File Reader" daemon [_thread_blocked, id=130350, stack(0x000074b2b114f000,0x000074b2b1250000) (1028K)]
  0x000074b1cc0032b0 JavaThread "Compiler Source File Reader" daemon [_thread_blocked, id=130351, stack(0x000074b19b9fa000,0x000074b19bafb000) (1028K)]
  0x000074b1cc03f890 JavaThread "Compiler Source File Reader" daemon [_thread_blocked, id=130352, stack(0x000074b2b1452000,0x000074b2b1553000) (1028K)]
  0x000074b1cc040330 JavaThread "Compiler Source File Reader" daemon [_thread_blocked, id=130353, stack(0x000074b1c7eff000,0x000074b1c8000000) (1028K)]
  0x000074b3201427d0 JavaThread "C1 CompilerThread1"         daemon [_thread_blocked, id=131781, stack(0x000074b19b8f9000,0x000074b19b9fa000) (1028K)]
Total: 51

Other Threads:
  0x000074b3a43594e0 VMThread "VM Thread"                           [id=3117, stack(0x000074b3466f8000,0x000074b3467f8000) (1024K)]
  0x000074b3a40511e0 WatcherThread "VM Periodic Task Thread"        [id=3112, stack(0x000074b3aa0b5000,0x000074b3aa1b5000) (1024K)]
  0x000074b3a4042160 WorkerThread "GC Thread#0"                     [id=3111, stack(0x000074b3aa9a6000,0x000074b3aaaa6000) (1024K)]
  0x000074b334000ee0 WorkerThread "GC Thread#1"                     [id=3145, stack(0x000074b34527e000,0x000074b34537e000) (1024K)]
  0x000074b3340031a0 WorkerThread "GC Thread#2"                     [id=3146, stack(0x000074b34517d000,0x000074b34527d000) (1024K)]
  0x000074b334003c90 WorkerThread "GC Thread#3"                     [id=3147, stack(0x000074b34507c000,0x000074b34517c000) (1024K)]
  0x000074b3340048c0 WorkerThread "GC Thread#4"                     [id=3156, stack(0x000074b344d79000,0x000074b344e79000) (1024K)]
  0x000074b334005bd0 WorkerThread "GC Thread#5"                     [id=3166, stack(0x000074b344975000,0x000074b344a75000) (1024K)]
  0x000074b334007080 WorkerThread "GC Thread#6"                     [id=3378, stack(0x000074b344571000,0x000074b344671000) (1024K)]
  0x000074b334007ab0 WorkerThread "GC Thread#7"                     [id=3379, stack(0x000074b344470000,0x000074b344570000) (1024K)]
  0x000074b3340084e0 WorkerThread "GC Thread#8"                     [id=3380, stack(0x000074b34436f000,0x000074b34446f000) (1024K)]
  0x000074b334009050 WorkerThread "GC Thread#9"                     [id=3383, stack(0x000074b34406c000,0x000074b34416c000) (1024K)]
  0x000074b33400b2b0 WorkerThread "GC Thread#10"                    [id=3384, stack(0x000074b344773000,0x000074b344873000) (1024K)]
  0x000074b33400b8a0 WorkerThread "GC Thread#11"                    [id=3385, stack(0x000074b2b3f00000,0x000074b2b4000000) (1024K)]
  0x000074b33400cc30 WorkerThread "GC Thread#12"                    [id=3386, stack(0x000074b2b3dff000,0x000074b2b3eff000) (1024K)]
  0x000074b33400e390 WorkerThread "GC Thread#13"                    [id=3388, stack(0x000074b2b3a79000,0x000074b2b3b79000) (1024K)]
  0x000074b33400ed00 WorkerThread "GC Thread#14"                    [id=3389, stack(0x000074b2b3978000,0x000074b2b3a78000) (1024K)]
  0x000074b33400f810 WorkerThread "GC Thread#15"                    [id=3393, stack(0x000074b2b3675000,0x000074b2b3775000) (1024K)]
  0x000074b334011500 WorkerThread "GC Thread#16"                    [id=3394, stack(0x000074b2b3574000,0x000074b2b3674000) (1024K)]
  0x000074b334011f30 WorkerThread "GC Thread#17"                    [id=3395, stack(0x000074b2b3473000,0x000074b2b3573000) (1024K)]
  0x000074b334012960 WorkerThread "GC Thread#18"                    [id=3406, stack(0x000074b2b3271000,0x000074b2b3371000) (1024K)]
  0x000074b320086d40 WorkerThread "GC Thread#19"                    [id=3413, stack(0x000074b2b2e6d000,0x000074b2b2f6d000) (1024K)]
  0x000074b2d00724d0 WorkerThread "GC Thread#20"                    [id=3414, stack(0x000074b2b2d6c000,0x000074b2b2e6c000) (1024K)]
  0x000074b334033350 WorkerThread "GC Thread#21"                    [id=3451, stack(0x000074b2b0b4a000,0x000074b2b0c4a000) (1024K)]
  0x000074b334010a00 WorkerThread "GC Thread#22"                    [id=3455, stack(0x000074b2b0847000,0x000074b2b0947000) (1024K)]
Total: 25

Threads with active compile tasks:
C2 CompilerThread0  17627103 22234       4       org.eclipse.jdt.internal.compiler.ast.MemberValuePair::resolveTypeExpecting (1350 bytes)
Total: 1

VM state: not at safepoint (normal execution)

VM Mutex/Monitor currently owned by a thread: None

Heap address: 0x0000000080000000, size: 2048 MB, Compressed Oops mode: 32-bit

CDS archive(s) mapped at: [0x000074b347000000-0x000074b347bbb000-0x000074b347bbb000), size 12300288, SharedBaseAddress: 0x000074b347000000, ArchiveRelocationMode: 1.
Compressed class space mapped at: 0x000074b348000000-0x000074b388000000, reserved size: 1073741824
Narrow klass base: 0x000074b347000000, Narrow klass shift: 0, Narrow klass range: 0x100000000

GC Precious Log:
 CardTable entry size: 512
 CPUs: 32 total, 32 available
 Memory: 7784M
 Large Page Support: Disabled
 NUMA Support: Disabled
 Compressed Oops: Enabled (32-bit)
 Alignments: Space 512K, Generation 512K, Heap 2M
 Heap Min Capacity: 100M
 Heap Initial Capacity: 100M
 Heap Max Capacity: 2G
 Pre-touch: Disabled
 Parallel Workers: 23

Heap:
 PSYoungGen      total 10240K, used 6289K [0x00000000d5580000, 0x00000000d6180000, 0x0000000100000000)
  eden space 9216K, 57% used [0x00000000d5580000,0x00000000d5aade20,0x00000000d5e80000)
  from space 1024K, 96% used [0x00000000d6080000,0x00000000d6176900,0x00000000d6180000)
  to   space 1536K, 0% used [0x00000000d5e80000,0x00000000d5e80000,0x00000000d6000000)
 ParOldGen       total 873472K, used 873161K [0x0000000080000000, 0x00000000b5500000, 0x00000000d5580000)
  object space 873472K, 99% used [0x0000000080000000,0x00000000b54b25a8,0x00000000b5500000)
 Metaspace       used 83672K, committed 85248K, reserved 1179648K
  class space    used 8133K, committed 8832K, reserved 1048576K

Card table byte_map: [0x000074b3aaaa6000,0x000074b3aaea7000] _byte_map_base: 0x000074b3aa6a6000

Marking Bits: (ParMarkBitMap*) 0x000074b3ac75a140
 Begin Bits: [0x000074b388000000, 0x000074b38a000000)
 End Bits:   [0x000074b38a000000, 0x000074b38c000000)

Polling page: 0x000074b3acaf5000

Metaspace:

Usage:
  Non-class:     73.77 MB used.
      Class:      7.94 MB used.
       Both:     81.71 MB used.

Virtual space:
  Non-class space:      128.00 MB reserved,      74.62 MB ( 58%) committed,  2 nodes.
      Class space:        1.00 GB reserved,       8.62 MB ( <1%) committed,  1 nodes.
             Both:        1.12 GB reserved,      83.25 MB (  7%) committed. 

Chunk freelists:
   Non-Class:  4.54 MB
       Class:  7.36 MB
        Both:  11.90 MB

MaxMetaspaceSize: unlimited
CompressedClassSpaceSize: 1.00 GB
Initial GC threshold: 21.00 MB
Current GC threshold: 132.00 MB
CDS: on
 - commit_granule_bytes: 65536.
 - commit_granule_words: 8192.
 - virtual_space_node_default_size: 8388608.
 - enlarge_chunks_in_place: 1.
 - use_allocation_guard: 0.


Internal statistics:

num_allocs_failed_limit: 11.
num_arena_births: 1706.
num_arena_deaths: 426.
num_vsnodes_births: 3.
num_vsnodes_deaths: 0.
num_space_committed: 1332.
num_space_uncommitted: 0.
num_chunks_returned_to_freelist: 532.
num_chunks_taken_from_freelist: 5793.
num_chunk_merges: 168.
num_chunk_splits: 3352.
num_chunks_enlarged: 1905.
num_inconsistent_stats: 0.

CodeHeap 'non-profiled nmethods': size=118880Kb used=24356Kb max_used=24356Kb free=94523Kb
 bounds [0x000074b3999e8000, 0x000074b39b1b8000, 0x000074b3a0e00000]
CodeHeap 'profiled nmethods': size=118876Kb used=50897Kb max_used=50897Kb free=67978Kb
 bounds [0x000074b391e00000, 0x000074b394fc0000, 0x000074b399217000]
CodeHeap 'non-nmethods': size=8004Kb used=2052Kb max_used=3824Kb free=5951Kb
 bounds [0x000074b399217000, 0x000074b399617000, 0x000074b3999e8000]
CodeCache: size=245760Kb, used=77305Kb, max_used=79077Kb, free=168452Kb
 total_blobs=21112, nmethods=20299, adapters=716, full_count=0
Compilation: enabled, stopped_count=0, restarted_count=0

Compilation events (20 events):
Event: 17626.655 Thread 0x000074b3a436c940 nmethod 22225 0x000074b39b1a6790 code [0x000074b39b1a6ce0, 0x000074b39b1a6f88]
Event: 17626.655 Thread 0x000074b3a436c940 22224       4       org.eclipse.lsp4j.jsonrpc.json.adapters.EnumTypeAdapter::write (10 bytes)
Event: 17626.657 Thread 0x000074b3a436c940 nmethod 22224 0x000074b39b1a7210 code [0x000074b39b1a7400, 0x000074b39b1a7760]
Event: 17626.779 Thread 0x000074b3a436dfd0 22227       3       org.eclipse.jdt.internal.compiler.parser.Parser::consumeSingleMemberAnnotation (150 bytes)
Event: 17626.779 Thread 0x000074b3a436dfd0 nmethod 22227 0x000074b394fa2f90 code [0x000074b394fa31c0, 0x000074b394fa3d70]
Event: 17626.779 Thread 0x000074b3a436dfd0 22226       3       org.eclipse.jdt.internal.compiler.parser.Parser::consumeMarkerAnnotation (101 bytes)
Event: 17626.779 Thread 0x000074b3a436dfd0 nmethod 22226 0x000074b394fa4190 code [0x000074b394fa43c0, 0x000074b394fa4dc8]
Event: 17626.785 Thread 0x000074b3a436c940 22228       4       org.eclipse.jdt.internal.compiler.parser.Parser::initialize (398 bytes)
Event: 17626.787 Thread 0x000074b3a436c940 nmethod 22228 0x000074b39b1a7b10 code [0x000074b39b1a7d00, 0x000074b39b1a84d8]
Event: 17626.793 Thread 0x000074b3a436c940 22229       4       org.eclipse.jdt.internal.compiler.parser.Parser::dispatchDeclarationInto (447 bytes)
Event: 17626.796 Thread 0x000074b3a436dfd0 22230       3       org.eclipse.jdt.internal.compiler.flow.UnconditionalFlowInfo::discardNonFieldInitializations (238 bytes)
Event: 17626.796 Thread 0x000074b3a436dfd0 nmethod 22230 0x000074b394fa5110 code [0x000074b394fa5300, 0x000074b394fa5910]
Event: 17626.811 Thread 0x000074b3a436c940 nmethod 22229 0x000074b39b1a8990 code [0x000074b39b1a8c00, 0x000074b39b1aada0]
Event: 17626.811 Thread 0x000074b3a436c940 22231       4       org.eclipse.jdt.internal.compiler.ast.Invocation::handleResourcePassedToInvocation (100 bytes)
Event: 17626.813 Thread 0x000074b3a436c940 nmethod 22231 0x000074b39b1ab690 code [0x000074b39b1ab8c0, 0x000074b39b1abc50]
Event: 17626.962 Thread 0x000074b3a436c940 22232       4       org.eclipse.jdt.internal.core.util.Util::equalArraysOrNull (72 bytes)
Event: 17626.967 Thread 0x000074b3a436c940 nmethod 22232 0x000074b39b1ac190 code [0x000074b39b1ac360, 0x000074b39b1ac910]
Event: 17626.967 Thread 0x000074b3a436c940 22233       4       java.text.MessageFormat::subformat (542 bytes)
Event: 17626.983 Thread 0x000074b3a436c940 nmethod 22233 0x000074b39b1acc10 code [0x000074b39b1acfe0, 0x000074b39b1af6f8]
Event: 17627.073 Thread 0x000074b3a436c940 22234       4       org.eclipse.jdt.internal.compiler.ast.MemberValuePair::resolveTypeExpecting (1350 bytes)

GC Heap History (20 events):
Event: 17626.203 GC heap before
{Heap before GC invocations=862 (full 4):
 PSYoungGen      total 11264K, used 11026K [0x00000000d5580000, 0x00000000d6280000, 0x0000000100000000)
  eden space 9216K, 100% used [0x00000000d5580000,0x00000000d5e80000,0x00000000d5e80000)
  from space 2048K, 88% used [0x00000000d5e80000,0x00000000d6044ab8,0x00000000d6080000)
  to   space 2048K, 0% used [0x00000000d6080000,0x00000000d6080000,0x00000000d6280000)
 ParOldGen       total 858112K, used 858053K [0x0000000080000000, 0x00000000b4600000, 0x00000000d5580000)
  object space 858112K, 99% used [0x0000000080000000,0x00000000b45f16d0,0x00000000b4600000)
 Metaspace       used 83658K, committed 85248K, reserved 1179648K
  class space    used 8133K, committed 8832K, reserved 1048576K
}
Event: 17626.205 GC heap after
{Heap after GC invocations=862 (full 4):
 PSYoungGen      total 11264K, used 1684K [0x00000000d5580000, 0x00000000d6280000, 0x0000000100000000)
  eden space 9216K, 0% used [0x00000000d5580000,0x00000000d5580000,0x00000000d5e80000)
  from space 2048K, 82% used [0x00000000d6080000,0x00000000d6225230,0x00000000d6280000)
  to   space 2048K, 0% used [0x00000000d5e80000,0x00000000d5e80000,0x00000000d6080000)
 ParOldGen       total 859648K, used 859640K [0x0000000080000000, 0x00000000b4780000, 0x00000000d5580000)
  object space 859648K, 99% used [0x0000000080000000,0x00000000b477e1a8,0x00000000b4780000)
 Metaspace       used 83658K, committed 85248K, reserved 1179648K
  class space    used 8133K, committed 8832K, reserved 1048576K
}
Event: 17626.212 GC heap before
{Heap before GC invocations=863 (full 4):
 PSYoungGen      total 11264K, used 10900K [0x00000000d5580000, 0x00000000d6280000, 0x0000000100000000)
  eden space 9216K, 100% used [0x00000000d5580000,0x00000000d5e80000,0x00000000d5e80000)
  from space 2048K, 82% used [0x00000000d6080000,0x00000000d6225230,0x00000000d6280000)
  to   space 2048K, 0% used [0x00000000d5e80000,0x00000000d5e80000,0x00000000d6080000)
 ParOldGen       total 859648K, used 859640K [0x0000000080000000, 0x00000000b4780000, 0x00000000d5580000)
  object space 859648K, 99% used [0x0000000080000000,0x00000000b477e1a8,0x00000000b4780000)
 Metaspace       used 83658K, committed 85248K, reserved 1179648K
  class space    used 8133K, committed 8832K, reserved 1048576K
}
Event: 17626.215 GC heap after
{Heap after GC invocations=863 (full 4):
 PSYoungGen      total 11264K, used 1874K [0x00000000d5580000, 0x00000000d6280000, 0x0000000100000000)
  eden space 9216K, 0% used [0x00000000d5580000,0x00000000d5580000,0x00000000d5e80000)
  from space 2048K, 91% used [0x00000000d5e80000,0x00000000d6054ab8,0x00000000d6080000)
  to   space 2048K, 0% used [0x00000000d6080000,0x00000000d6080000,0x00000000d6280000)
 ParOldGen       total 861184K, used 861064K [0x0000000080000000, 0x00000000b4900000, 0x00000000d5580000)
  object space 861184K, 99% used [0x0000000080000000,0x00000000b48e2338,0x00000000b4900000)
 Metaspace       used 83658K, committed 85248K, reserved 1179648K
  class space    used 8133K, committed 8832K, reserved 1048576K
}
Event: 17626.295 GC heap before
{Heap before GC invocations=864 (full 4):
 PSYoungGen      total 11264K, used 11090K [0x00000000d5580000, 0x00000000d6280000, 0x0000000100000000)
  eden space 9216K, 100% used [0x00000000d5580000,0x00000000d5e80000,0x00000000d5e80000)
  from space 2048K, 91% used [0x00000000d5e80000,0x00000000d6054ab8,0x00000000d6080000)
  to   space 2048K, 0% used [0x00000000d6080000,0x00000000d6080000,0x00000000d6280000)
 ParOldGen       total 861184K, used 861064K [0x0000000080000000, 0x00000000b4900000, 0x00000000d5580000)
  object space 861184K, 99% used [0x0000000080000000,0x00000000b48e2338,0x00000000b4900000)
 Metaspace       used 83658K, committed 85248K, reserved 1179648K
  class space    used 8133K, committed 8832K, reserved 1048576K
}
Event: 17626.298 GC heap after
{Heap after GC invocations=864 (full 4):
 PSYoungGen      total 11264K, used 1732K [0x00000000d5580000, 0x00000000d6280000, 0x0000000100000000)
  eden space 9216K, 0% used [0x00000000d5580000,0x00000000d5580000,0x00000000d5e80000)
  from space 2048K, 84% used [0x00000000d6080000,0x00000000d6231220,0x00000000d6280000)
  to   space 2048K, 0% used [0x00000000d5e80000,0x00000000d5e80000,0x00000000d6080000)
 ParOldGen       total 862720K, used 862683K [0x0000000080000000, 0x00000000b4a80000, 0x00000000d5580000)
  object space 862720K, 99% used [0x0000000080000000,0x00000000b4a76e10,0x00000000b4a80000)
 Metaspace       used 83658K, committed 85248K, reserved 1179648K
  class space    used 8133K, committed 8832K, reserved 1048576K
}
Event: 17626.305 GC heap before
{Heap before GC invocations=865 (full 4):
 PSYoungGen      total 11264K, used 10948K [0x00000000d5580000, 0x00000000d6280000, 0x0000000100000000)
  eden space 9216K, 100% used [0x00000000d5580000,0x00000000d5e80000,0x00000000d5e80000)
  from space 2048K, 84% used [0x00000000d6080000,0x00000000d6231220,0x00000000d6280000)
  to   space 2048K, 0% used [0x00000000d5e80000,0x00000000d5e80000,0x00000000d6080000)
 ParOldGen       total 862720K, used 862683K [0x0000000080000000, 0x00000000b4a80000, 0x00000000d5580000)
  object space 862720K, 99% used [0x0000000080000000,0x00000000b4a76e10,0x00000000b4a80000)
 Metaspace       used 83658K, committed 85248K, reserved 1179648K
  class space    used 8133K, committed 8832K, reserved 1048576K
}
Event: 17626.307 GC heap after
{Heap after GC invocations=865 (full 4):
 PSYoungGen      total 11264K, used 1920K [0x00000000d5580000, 0x00000000d6280000, 0x0000000100000000)
  eden space 9216K, 0% used [0x00000000d5580000,0x00000000d5580000,0x00000000d5e80000)
  from space 2048K, 93% used [0x00000000d5e80000,0x00000000d6060000,0x00000000d6080000)
  to   space 2048K, 0% used [0x00000000d6080000,0x00000000d6080000,0x00000000d6280000)
 ParOldGen       total 864256K, used 864171K [0x0000000080000000, 0x00000000b4c00000, 0x00000000d5580000)
  object space 864256K, 99% used [0x0000000080000000,0x00000000b4bead38,0x00000000b4c00000)
 Metaspace       used 83658K, committed 85248K, reserved 1179648K
  class space    used 8133K, committed 8832K, reserved 1048576K
}
Event: 17626.635 GC heap before
{Heap before GC invocations=866 (full 4):
 PSYoungGen      total 11264K, used 11136K [0x00000000d5580000, 0x00000000d6280000, 0x0000000100000000)
  eden space 9216K, 100% used [0x00000000d5580000,0x00000000d5e80000,0x00000000d5e80000)
  from space 2048K, 93% used [0x00000000d5e80000,0x00000000d6060000,0x00000000d6080000)
  to   space 2048K, 0% used [0x00000000d6080000,0x00000000d6080000,0x00000000d6280000)
 ParOldGen       total 864256K, used 864171K [0x0000000080000000, 0x00000000b4c00000, 0x00000000d5580000)
  object space 864256K, 99% used [0x0000000080000000,0x00000000b4bead38,0x00000000b4c00000)
 Metaspace       used 83661K, committed 85248K, reserved 1179648K
  class space    used 8133K, committed 8832K, reserved 1048576K
}
Event: 17626.638 GC heap after
{Heap after GC invocations=866 (full 4):
 PSYoungGen      total 10752K, used 1300K [0x00000000d5580000, 0x00000000d6200000, 0x0000000100000000)
  eden space 9216K, 0% used [0x00000000d5580000,0x00000000d5580000,0x00000000d5e80000)
  from space 1536K, 84% used [0x00000000d6080000,0x00000000d61c5210,0x00000000d6200000)
  to   space 1536K, 0% used [0x00000000d5f00000,0x00000000d5f00000,0x00000000d6080000)
 ParOldGen       total 866304K, used 865814K [0x0000000080000000, 0x00000000b4e00000, 0x00000000d5580000)
  object space 866304K, 99% used [0x0000000080000000,0x00000000b4d85810,0x00000000b4e00000)
 Metaspace       used 83661K, committed 85248K, reserved 1179648K
  class space    used 8133K, committed 8832K, reserved 1048576K
}
Event: 17626.644 GC heap before
{Heap before GC invocations=867 (full 4):
 PSYoungGen      total 10752K, used 10516K [0x00000000d5580000, 0x00000000d6200000, 0x0000000100000000)
  eden space 9216K, 100% used [0x00000000d5580000,0x00000000d5e80000,0x00000000d5e80000)
  from space 1536K, 84% used [0x00000000d6080000,0x00000000d61c5210,0x00000000d6200000)
  to   space 1536K, 0% used [0x00000000d5f00000,0x00000000d5f00000,0x00000000d6080000)
 ParOldGen       total 866304K, used 865814K [0x0000000080000000, 0x00000000b4e00000, 0x00000000d5580000)
  object space 866304K, 99% used [0x0000000080000000,0x00000000b4d85810,0x00000000b4e00000)
 Metaspace       used 83661K, committed 85248K, reserved 1179648K
  class space    used 8133K, committed 8832K, reserved 1048576K
}
Event: 17626.647 GC heap after
{Heap after GC invocations=867 (full 4):
 PSYoungGen      total 10752K, used 1536K [0x00000000d5580000, 0x00000000d6480000, 0x0000000100000000)
  eden space 9216K, 0% used [0x00000000d5580000,0x00000000d5580000,0x00000000d5e80000)
  from space 1536K, 100% used [0x00000000d5f00000,0x00000000d6080000,0x00000000d6080000)
  to   space 3072K, 0% used [0x00000000d6180000,0x00000000d6180000,0x00000000d6480000)
 ParOldGen       total 867328K, used 866954K [0x0000000080000000, 0x00000000b4f00000, 0x00000000d5580000)
  object space 867328K, 99% used [0x0000000080000000,0x00000000b4ea2a30,0x00000000b4f00000)
 Metaspace       used 83661K, committed 85248K, reserved 1179648K
  class space    used 8133K, committed 8832K, reserved 1048576K
}
Event: 17626.780 GC heap before
{Heap before GC invocations=868 (full 4):
 PSYoungGen      total 10752K, used 10752K [0x00000000d5580000, 0x00000000d6480000, 0x0000000100000000)
  eden space 9216K, 100% used [0x00000000d5580000,0x00000000d5e80000,0x00000000d5e80000)
  from space 1536K, 100% used [0x00000000d5f00000,0x00000000d6080000,0x00000000d6080000)
  to   space 3072K, 0% used [0x00000000d6180000,0x00000000d6180000,0x00000000d6480000)
 ParOldGen       total 867328K, used 866954K [0x0000000080000000, 0x00000000b4f00000, 0x00000000d5580000)
  object space 867328K, 99% used [0x0000000080000000,0x00000000b4ea2a30,0x00000000b4f00000)
 Metaspace       used 83661K, committed 85248K, reserved 1179648K
  class space    used 8133K, committed 8832K, reserved 1048576K
}
Event: 17626.782 GC heap after
{Heap after GC invocations=868 (full 4):
 PSYoungGen      total 11264K, used 1888K [0x00000000d5580000, 0x00000000d6380000, 0x0000000100000000)
  eden space 9216K, 0% used [0x00000000d5580000,0x00000000d5580000,0x00000000d5e80000)
  from space 2048K, 92% used [0x00000000d6180000,0x00000000d6358010,0x00000000d6380000)
  to   space 2560K, 0% used [0x00000000d5e80000,0x00000000d5e80000,0x00000000d6100000)
 ParOldGen       total 868864K, used 868434K [0x0000000080000000, 0x00000000b5080000, 0x00000000d5580000)
  object space 868864K, 99% used [0x0000000080000000,0x00000000b5014a50,0x00000000b5080000)
 Metaspace       used 83661K, committed 85248K, reserved 1179648K
  class space    used 8133K, committed 8832K, reserved 1048576K
}
Event: 17626.788 GC heap before
{Heap before GC invocations=869 (full 4):
 PSYoungGen      total 11264K, used 11104K [0x00000000d5580000, 0x00000000d6380000, 0x0000000100000000)
  eden space 9216K, 100% used [0x00000000d5580000,0x00000000d5e80000,0x00000000d5e80000)
  from space 2048K, 92% used [0x00000000d6180000,0x00000000d6358010,0x00000000d6380000)
  to   space 2560K, 0% used [0x00000000d5e80000,0x00000000d5e80000,0x00000000d6100000)
 ParOldGen       total 868864K, used 868434K [0x0000000080000000, 0x00000000b5080000, 0x00000000d5580000)
  object space 868864K, 99% used [0x0000000080000000,0x00000000b5014a50,0x00000000b5080000)
 Metaspace       used 83661K, committed 85248K, reserved 1179648K
  class space    used 8133K, committed 8832K, reserved 1048576K
}
Event: 17626.791 GC heap after
{Heap after GC invocations=869 (full 4):
 PSYoungGen      total 11264K, used 1594K [0x00000000d5580000, 0x00000000d6280000, 0x0000000100000000)
  eden space 9216K, 0% used [0x00000000d5580000,0x00000000d5580000,0x00000000d5e80000)
  from space 2048K, 77% used [0x00000000d5e80000,0x00000000d600e900,0x00000000d6080000)
  to   space 2048K, 0% used [0x00000000d6080000,0x00000000d6080000,0x00000000d6280000)
 ParOldGen       total 870400K, used 870003K [0x0000000080000000, 0x00000000b5200000, 0x00000000d5580000)
  object space 870400K, 99% used [0x0000000080000000,0x00000000b519cfd8,0x00000000b5200000)
 Metaspace       used 83661K, committed 85248K, reserved 1179648K
  class space    used 8133K, committed 8832K, reserved 1048576K
}
Event: 17626.963 GC heap before
{Heap before GC invocations=870 (full 4):
 PSYoungGen      total 11264K, used 10810K [0x00000000d5580000, 0x00000000d6280000, 0x0000000100000000)
  eden space 9216K, 100% used [0x00000000d5580000,0x00000000d5e80000,0x00000000d5e80000)
  from space 2048K, 77% used [0x00000000d5e80000,0x00000000d600e900,0x00000000d6080000)
  to   space 2048K, 0% used [0x00000000d6080000,0x00000000d6080000,0x00000000d6280000)
 ParOldGen       total 870400K, used 870003K [0x0000000080000000, 0x00000000b5200000, 0x00000000d5580000)
  object space 870400K, 99% used [0x0000000080000000,0x00000000b519cfd8,0x00000000b5200000)
 Metaspace       used 83661K, committed 85248K, reserved 1179648K
  class space    used 8133K, committed 8832K, reserved 1048576K
}
Event: 17626.965 GC heap after
{Heap after GC invocations=870 (full 4):
 PSYoungGen      total 11264K, used 1842K [0x00000000d5580000, 0x00000000d6280000, 0x0000000100000000)
  eden space 9216K, 0% used [0x00000000d5580000,0x00000000d5580000,0x00000000d5e80000)
  from space 2048K, 89% used [0x00000000d6080000,0x00000000d624cac8,0x00000000d6280000)
  to   space 2048K, 0% used [0x00000000d5e80000,0x00000000d5e80000,0x00000000d6080000)
 ParOldGen       total 871936K, used 871496K [0x0000000080000000, 0x00000000b5380000, 0x00000000d5580000)
  object space 871936K, 99% used [0x0000000080000000,0x00000000b5312208,0x00000000b5380000)
 Metaspace       used 83661K, committed 85248K, reserved 1179648K
  class space    used 8133K, committed 8832K, reserved 1048576K
}
Event: 17627.075 GC heap before
{Heap before GC invocations=871 (full 4):
 PSYoungGen      total 11264K, used 11058K [0x00000000d5580000, 0x00000000d6280000, 0x0000000100000000)
  eden space 9216K, 100% used [0x00000000d5580000,0x00000000d5e80000,0x00000000d5e80000)
  from space 2048K, 89% used [0x00000000d6080000,0x00000000d624cac8,0x00000000d6280000)
  to   space 2048K, 0% used [0x00000000d5e80000,0x00000000d5e80000,0x00000000d6080000)
 ParOldGen       total 871936K, used 871496K [0x0000000080000000, 0x00000000b5380000, 0x00000000d5580000)
  object space 871936K, 99% used [0x0000000080000000,0x00000000b5312208,0x00000000b5380000)
 Metaspace       used 83661K, committed 85248K, reserved 1179648K
  class space    used 8133K, committed 8832K, reserved 1048576K
}
Event: 17627.078 GC heap after
{Heap after GC invocations=871 (full 4):
 PSYoungGen      total 11264K, used 1428K [0x00000000d5580000, 0x00000000d6280000, 0x0000000100000000)
  eden space 9216K, 0% used [0x00000000d5580000,0x00000000d5580000,0x00000000d5e80000)
  from space 2048K, 69% used [0x00000000d5e80000,0x00000000d5fe5200,0x00000000d6080000)
  to   space 2048K, 0% used [0x00000000d6080000,0x00000000d6080000,0x00000000d6280000)
 ParOldGen       total 873472K, used 873081K [0x0000000080000000, 0x00000000b5500000, 0x00000000d5580000)
  object space 873472K, 99% used [0x0000000080000000,0x00000000b549e5a8,0x00000000b5500000)
 Metaspace       used 83661K, committed 85248K, reserved 1179648K
  class space    used 8133K, committed 8832K, reserved 1048576K
}

Dll operation events (10 events):
Event: 0.001 Loaded shared library /root/.vscode-server/extensions/redhat.java-1.54.0-linux-x64/jre/21.0.10-linux-x86_64/lib/libjava.so
Event: 0.038 Loaded shared library /root/.vscode-server/extensions/redhat.java-1.54.0-linux-x64/jre/21.0.10-linux-x86_64/lib/libzip.so
Event: 0.049 Loaded shared library /root/.vscode-server/extensions/redhat.java-1.54.0-linux-x64/jre/21.0.10-linux-x86_64/lib/libinstrument.so
Event: 0.050 Loaded shared library /root/.vscode-server/extensions/redhat.java-1.54.0-linux-x64/jre/21.0.10-linux-x86_64/lib/libnio.so
Event: 0.052 Loaded shared library /root/.vscode-server/extensions/redhat.java-1.54.0-linux-x64/jre/21.0.10-linux-x86_64/lib/libzip.so
Event: 0.060 Loaded shared library /root/.vscode-server/extensions/redhat.java-1.54.0-linux-x64/jre/21.0.10-linux-x86_64/lib/libjimage.so
Event: 0.093 Loaded shared library /root/.vscode-server/extensions/redhat.java-1.54.0-linux-x64/jre/21.0.10-linux-x86_64/lib/libverify.so
Event: 0.382 Loaded shared library /root/.vscode-server/extensions/redhat.java-1.54.0-linux-x64/jre/21.0.10-linux-x86_64/lib/libnet.so
Event: 0.599 Loaded shared library /root/.vscode-server/data/User/globalStorage/redhat.java/1.54.0/config_linux/org.eclipse.equinox.launcher/org.eclipse.equinox.launcher.gtk.linux.x86_64_1.2.1500.v20250801-0854/eclipse_11916.so
Event: 4.046 Loaded shared library /root/.vscode-server/extensions/redhat.java-1.54.0-linux-x64/jre/21.0.10-linux-x86_64/lib/libextnet.so

Deoptimization events (20 events):
Event: 17626.487 Thread 0x000074b29433ca30 Uncommon trap: trap_request=0xffffff45 fr.pc=0x000074b39b064c74 relative=0x00000000000006b4
Event: 17626.487 Thread 0x000074b29433ca30 Uncommon trap: reason=unstable_if action=reinterpret pc=0x000074b39b064c74 method=org.eclipse.jdt.internal.compiler.parser.Parser.consumeSingleMemberAnnotation(Z)V @ 78 c2
Event: 17626.487 Thread 0x000074b29433ca30 DEOPT PACKING pc=0x000074b39b064c74 sp=0x000074b2b0742d60
Event: 17626.487 Thread 0x000074b29433ca30 DEOPT UNPACKING pc=0x000074b39926a399 sp=0x000074b2b0742ca8 mode 2
Event: 17626.487 Thread 0x000074b29433ca30 Uncommon trap: trap_request=0xffffff45 fr.pc=0x000074b39addaa30 relative=0x0000000000000ff0
Event: 17626.487 Thread 0x000074b29433ca30 Uncommon trap: reason=unstable_if action=reinterpret pc=0x000074b39addaa30 method=org.eclipse.jdt.internal.compiler.parser.diagnose.LexStream.readTokenFromScanner()V @ 197 c2
Event: 17626.487 Thread 0x000074b29433ca30 DEOPT PACKING pc=0x000074b39addaa30 sp=0x000074b2b0742bc0
Event: 17626.487 Thread 0x000074b29433ca30 DEOPT UNPACKING pc=0x000074b39926a399 sp=0x000074b2b0742b70 mode 2
Event: 17626.488 Thread 0x000074b29433ca30 Uncommon trap: trap_request=0xffffff45 fr.pc=0x000074b39acc2740 relative=0x0000000000000540
Event: 17626.488 Thread 0x000074b29433ca30 Uncommon trap: reason=unstable_if action=reinterpret pc=0x000074b39acc2740 method=org.eclipse.jdt.internal.compiler.parser.Parser.consumeSingleMemberAnnotation(Z)V @ 78 c2
Event: 17626.488 Thread 0x000074b29433ca30 DEOPT PACKING pc=0x000074b39acc2740 sp=0x000074b2b0742b80
Event: 17626.488 Thread 0x000074b29433ca30 DEOPT UNPACKING pc=0x000074b39926a399 sp=0x000074b2b0742b38 mode 2
Event: 17626.488 Thread 0x000074b29433ca30 Uncommon trap: trap_request=0xffffffde fr.pc=0x000074b39abf179c relative=0x000000000000007c
Event: 17626.488 Thread 0x000074b29433ca30 Uncommon trap: reason=class_check action=maybe_recompile pc=0x000074b39abf179c method=org.eclipse.jdt.internal.compiler.parser.Parser.consumeSingleMemberAnnotationMemberValue()V @ 13 c2
Event: 17626.488 Thread 0x000074b29433ca30 DEOPT PACKING pc=0x000074b39abf179c sp=0x000074b2b0742c20
Event: 17626.488 Thread 0x000074b29433ca30 DEOPT UNPACKING pc=0x000074b39926a399 sp=0x000074b2b0742bc8 mode 2
Event: 17627.071 Thread 0x000074b27456e8c0 Uncommon trap: trap_request=0xffffffcc fr.pc=0x000074b39b1aa124 relative=0x0000000000001524
Event: 17627.071 Thread 0x000074b27456e8c0 Uncommon trap: reason=intrinsic_or_type_checked_inlining action=make_not_entrant pc=0x000074b39b1aa124 method=org.eclipse.jdt.internal.compiler.parser.Parser.dispatchDeclarationInto(I)V @ 379 c2
Event: 17627.071 Thread 0x000074b27456e8c0 DEOPT PACKING pc=0x000074b39b1aa124 sp=0x000074b2b2964450
Event: 17627.071 Thread 0x000074b27456e8c0 DEOPT UNPACKING pc=0x000074b39926a399 sp=0x000074b2b29643c8 mode 2

Classes loaded (20 events):
Event: 17518.812 Loading class jdk/internal/module/IllegalAccessLogger
Event: 17518.812 Loading class jdk/internal/module/IllegalAccessLogger done
Event: 17533.440 Loading class jdk/internal/module/IllegalAccessLogger
Event: 17533.440 Loading class jdk/internal/module/IllegalAccessLogger done
Event: 17533.478 Loading class jdk/internal/module/IllegalAccessLogger
Event: 17533.478 Loading class jdk/internal/module/IllegalAccessLogger done
Event: 17560.513 Loading class jdk/internal/module/IllegalAccessLogger
Event: 17560.513 Loading class jdk/internal/module/IllegalAccessLogger done
Event: 17561.245 Loading class javax/xml/transform/TransformerConfigurationException
Event: 17561.245 Loading class javax/xml/transform/TransformerConfigurationException done
Event: 17566.110 Loading class java/util/LinkedList$LLSpliterator
Event: 17566.111 Loading class java/util/LinkedList$LLSpliterator done
Event: 17569.832 Loading class java/util/concurrent/ConcurrentHashMap$TreeNode
Event: 17569.833 Loading class java/util/concurrent/ConcurrentHashMap$TreeNode done
Event: 17569.833 Loading class java/util/concurrent/ConcurrentHashMap$TreeBin
Event: 17569.833 Loading class java/util/concurrent/ConcurrentHashMap$TreeBin done
Event: 17587.821 Loading class jdk/internal/module/IllegalAccessLogger
Event: 17587.821 Loading class jdk/internal/module/IllegalAccessLogger done
Event: 17589.140 Loading class jdk/internal/module/IllegalAccessLogger
Event: 17589.140 Loading class jdk/internal/module/IllegalAccessLogger done

Classes unloaded (20 events):
Event: 17479.024 Thread 0x000074b3a43594e0 Unloading class 0x000074b34801ac00 'java/lang/invoke/LambdaForm$MH+0x000074b34801ac00'
Event: 17479.024 Thread 0x000074b3a43594e0 Unloading class 0x000074b348014800 'java/lang/invoke/LambdaForm$MH+0x000074b348014800'
Event: 17479.024 Thread 0x000074b3a43594e0 Unloading class 0x000074b34800d800 'java/lang/invoke/LambdaForm$MH+0x000074b34800d800'
Event: 17479.024 Thread 0x000074b3a43594e0 Unloading class 0x000074b34800d400 'java/lang/invoke/LambdaForm$MH+0x000074b34800d400'
Event: 17479.024 Thread 0x000074b3a43594e0 Unloading class 0x000074b34800d000 'java/lang/invoke/LambdaForm$MH+0x000074b34800d000'
Event: 17479.024 Thread 0x000074b3a43594e0 Unloading class 0x000074b34800cc00 'java/lang/invoke/LambdaForm$MH+0x000074b34800cc00'
Event: 17479.024 Thread 0x000074b3a43594e0 Unloading class 0x000074b34800c800 'java/lang/invoke/LambdaForm$BMH+0x000074b34800c800'
Event: 17479.024 Thread 0x000074b3a43594e0 Unloading class 0x000074b34800c000 'java/lang/invoke/LambdaForm$DMH+0x000074b34800c000'
Event: 17479.024 Thread 0x000074b3a43594e0 Unloading class 0x000074b348008c00 'java/lang/invoke/LambdaForm$MH+0x000074b348008c00'
Event: 17479.024 Thread 0x000074b3a43594e0 Unloading class 0x000074b348008800 'java/lang/invoke/LambdaForm$MH+0x000074b348008800'
Event: 17479.024 Thread 0x000074b3a43594e0 Unloading class 0x000074b348008400 'java/lang/invoke/LambdaForm$MH+0x000074b348008400'
Event: 17479.024 Thread 0x000074b3a43594e0 Unloading class 0x000074b348007000 'java/lang/invoke/LambdaForm$MH+0x000074b348007000'
Event: 17479.024 Thread 0x000074b3a43594e0 Unloading class 0x000074b348006800 'java/lang/invoke/LambdaForm$MH+0x000074b348006800'
Event: 17479.024 Thread 0x000074b3a43594e0 Unloading class 0x000074b348006400 'java/lang/invoke/LambdaForm$MH+0x000074b348006400'
Event: 17479.024 Thread 0x000074b3a43594e0 Unloading class 0x000074b348006000 'java/lang/invoke/LambdaForm$MH+0x000074b348006000'
Event: 17479.025 Thread 0x000074b3a43594e0 Unloading class 0x000074b348005c00 'java/lang/invoke/LambdaForm$BMH+0x000074b348005c00'
Event: 17479.025 Thread 0x000074b3a43594e0 Unloading class 0x000074b348004800 'java/lang/invoke/LambdaForm$DMH+0x000074b348004800'
Event: 17479.025 Thread 0x000074b3a43594e0 Unloading class 0x000074b348002400 'java/lang/invoke/LambdaForm$MH+0x000074b348002400'
Event: 17479.025 Thread 0x000074b3a43594e0 Unloading class 0x000074b348002000 'java/lang/invoke/LambdaForm$MH+0x000074b348002000'
Event: 17479.025 Thread 0x000074b3a43594e0 Unloading class 0x000074b348001800 'java/lang/invoke/LambdaForm$MH+0x000074b348001800'

Classes redefined (0 events):
No events

Internal exceptions (20 events):
Event: 17500.588 Thread 0x000074b3a47bfe90 Exception <a 'java/lang/IncompatibleClassChangeError'{0x00000000d5983618}: Found class java.lang.Object, but interface was expected> (0x00000000d5983618) 
thrown [src/hotspot/share/interpreter/linkResolver.cpp, line 840]
Event: 17505.208 Thread 0x000074b27456e8c0 Implicit null exception at 0x000074b39a664e30 to 0x000074b39a6663ac
Event: 17510.322 Thread 0x000074b27456e8c0 Implicit null exception at 0x000074b399cad520 to 0x000074b399cb006c
Event: 17518.583 Thread 0x000074b2d4ae4850 Exception <a 'sun/nio/fs/UnixException'{0x00000000d58a0fc8}> (0x00000000d58a0fc8) 
thrown [src/hotspot/share/prims/jni.cpp, line 520]
Event: 17518.651 Thread 0x000074b2d4ae4850 Exception <a 'sun/nio/fs/UnixException'{0x00000000d5968358}> (0x00000000d5968358) 
thrown [src/hotspot/share/prims/jni.cpp, line 520]
Event: 17518.762 Thread 0x000074b29433ca30 Implicit null exception at 0x000074b39a28d90b to 0x000074b39a28e8dc
Event: 17533.323 Thread 0x000074b2d4ae4850 Exception <a 'sun/nio/fs/UnixException'{0x00000000d58c6798}> (0x00000000d58c6798) 
thrown [src/hotspot/share/prims/jni.cpp, line 520]
Event: 17533.386 Thread 0x000074b2d4ae4850 Exception <a 'sun/nio/fs/UnixException'{0x00000000d567e618}> (0x00000000d567e618) 
thrown [src/hotspot/share/prims/jni.cpp, line 520]
Event: 17560.399 Thread 0x000074b3a47bfe90 Implicit null exception at 0x000074b39abfb0ec to 0x000074b39abfc254
Event: 17560.401 Thread 0x000074b2d4ae4850 Exception <a 'sun/nio/fs/UnixException'{0x00000000d57250b8}> (0x00000000d57250b8) 
thrown [src/hotspot/share/prims/jni.cpp, line 520]
Event: 17560.473 Thread 0x000074b2d4ae4850 Exception <a 'sun/nio/fs/UnixException'{0x00000000d567e190}> (0x00000000d567e190) 
thrown [src/hotspot/share/prims/jni.cpp, line 520]
Event: 17566.515 Thread 0x000074b2745d4bf0 Exception <a 'java/lang/NoSuchMethodError'{0x00000000d5c3e020}: 'java.lang.Object java.lang.invoke.DirectMethodHandle$Holder.newInvokeSpecial(java.lang.Object, java.lang.Object, int, java.lang.Object, java.lang.Object, java.lang.Object, java.lang.Object)'> (0x00000000d5c3e020) 
thrown [src/hotspot/share/interpreter/linkResolver.cpp, line 772]
Event: 17587.705 Thread 0x000074b2d4ae4850 Exception <a 'sun/nio/fs/UnixException'{0x00000000d5a8d460}> (0x00000000d5a8d460) 
thrown [src/hotspot/share/prims/jni.cpp, line 520]
Event: 17587.770 Thread 0x000074b2d4ae4850 Exception <a 'sun/nio/fs/UnixException'{0x00000000d567e1a8}> (0x00000000d567e1a8) 
thrown [src/hotspot/share/prims/jni.cpp, line 520]
Event: 17588.975 Thread 0x000074b2d4ae4850 Exception <a 'sun/nio/fs/UnixException'{0x00000000d578c280}> (0x00000000d578c280) 
thrown [src/hotspot/share/prims/jni.cpp, line 520]
Event: 17589.036 Thread 0x000074b2d4ae4850 Exception <a 'sun/nio/fs/UnixException'{0x00000000d583d318}> (0x00000000d583d318) 
thrown [src/hotspot/share/prims/jni.cpp, line 520]
Event: 17623.381 Thread 0x000074b2745d4bf0 Implicit null exception at 0x000074b39a239cfb to 0x000074b39a23a41c
Event: 17623.381 Thread 0x000074b2745d4bf0 Implicit null exception at 0x000074b39a1e811f to 0x000074b39a1e8340
Event: 17623.393 Thread 0x000074b2745d4bf0 Implicit null exception at 0x000074b39a76ebd6 to 0x000074b39a76ebfa
Event: 17624.899 Thread 0x000074b2d4334fb0 Implicit null exception at 0x000074b39af3c956 to 0x000074b39af3d824

ZGC Phase Switch (0 events):
No events

VM Operations (20 events):
Event: 17626.202 Executing safepoint VM operation: ParallelGCFailedAllocation (Allocation Failure)
Event: 17626.205 Executing safepoint VM operation: ParallelGCFailedAllocation (Allocation Failure) done
Event: 17626.212 Executing safepoint VM operation: ParallelGCFailedAllocation (Allocation Failure)
Event: 17626.215 Executing safepoint VM operation: ParallelGCFailedAllocation (Allocation Failure) done
Event: 17626.295 Executing safepoint VM operation: ParallelGCFailedAllocation (Allocation Failure)
Event: 17626.298 Executing safepoint VM operation: ParallelGCFailedAllocation (Allocation Failure) done
Event: 17626.305 Executing safepoint VM operation: ParallelGCFailedAllocation (Allocation Failure)
Event: 17626.307 Executing safepoint VM operation: ParallelGCFailedAllocation (Allocation Failure) done
Event: 17626.635 Executing safepoint VM operation: ParallelGCFailedAllocation (Allocation Failure)
Event: 17626.638 Executing safepoint VM operation: ParallelGCFailedAllocation (Allocation Failure) done
Event: 17626.644 Executing safepoint VM operation: ParallelGCFailedAllocation (Allocation Failure)
Event: 17626.647 Executing safepoint VM operation: ParallelGCFailedAllocation (Allocation Failure) done
Event: 17626.780 Executing safepoint VM operation: ParallelGCFailedAllocation (Allocation Failure)
Event: 17626.782 Executing safepoint VM operation: ParallelGCFailedAllocation (Allocation Failure) done
Event: 17626.788 Executing safepoint VM operation: ParallelGCFailedAllocation (Allocation Failure)
Event: 17626.791 Executing safepoint VM operation: ParallelGCFailedAllocation (Allocation Failure) done
Event: 17626.963 Executing safepoint VM operation: ParallelGCFailedAllocation (Allocation Failure)
Event: 17626.965 Executing safepoint VM operation: ParallelGCFailedAllocation (Allocation Failure) done
Event: 17627.075 Executing safepoint VM operation: ParallelGCFailedAllocation (Allocation Failure)
Event: 17627.078 Executing safepoint VM operation: ParallelGCFailedAllocation (Allocation Failure) done

Memory protections (20 events):
Event: 17570.077 Protecting memory [0x000074b2b0f4d000,0x000074b2b0f51000] with protection modes 0
Event: 17573.341 Protecting memory [0x000074b2b0240000,0x000074b2b0244000] with protection modes 0
Event: 17582.332 Protecting memory [0x000074b2b0240000,0x000074b2b0244000] with protection modes 0
Event: 17588.476 Protecting memory [0x000074b2b0240000,0x000074b2b0244000] with protection modes 0
Event: 17588.714 Protecting memory [0x000074b2b0240000,0x000074b2b0244000] with protection modes 0
Event: 17588.714 Protecting memory [0x000074b2b205e000,0x000074b2b2062000] with protection modes 0
Event: 17588.714 Protecting memory [0x000074b2b0f4d000,0x000074b2b0f51000] with protection modes 0
Event: 17588.726 Protecting memory [0x000074b19b8f9000,0x000074b19b8fd000] with protection modes 0
Event: 17591.915 Protecting memory [0x000074b2b0f4d000,0x000074b2b0f51000] with protection modes 0
Event: 17591.915 Protecting memory [0x000074b19b8f9000,0x000074b19b8fd000] with protection modes 0
Event: 17623.419 Protecting memory [0x000074b2b0240000,0x000074b2b0244000] with protection modes 0
Event: 17623.422 Protecting memory [0x000074b2b205e000,0x000074b2b2062000] with protection modes 0
Event: 17623.438 Protecting memory [0x000074b2b0f4d000,0x000074b2b0f51000] with protection modes 0
Event: 17623.474 Protecting memory [0x000074b19b8f9000,0x000074b19b8fd000] with protection modes 0
Event: 17623.555 Protecting memory [0x000074b2b1856000,0x000074b2b185a000] with protection modes 0
Event: 17623.556 Protecting memory [0x000074b19bdfe000,0x000074b19be02000] with protection modes 0
Event: 17623.556 Protecting memory [0x000074b2b2a68000,0x000074b2b2a6c000] with protection modes 0
Event: 17625.173 Protecting memory [0x000074b19b8f9000,0x000074b19b8fd000] with protection modes 0
Event: 17625.642 Protecting memory [0x000074b19b8f9000,0x000074b19b8fd000] with protection modes 0
Event: 17625.643 Protecting memory [0x000074b2b1856000,0x000074b2b185a000] with protection modes 0

Nmethod flushes (20 events):
Event: 17479.409 Thread 0x000074b3a43594e0 flushing  nmethod 0x000074b3932b5a10
Event: 17479.409 Thread 0x000074b3a43594e0 flushing  nmethod 0x000074b3932b8910
Event: 17479.409 Thread 0x000074b3a43594e0 flushing  nmethod 0x000074b3932c0b10
Event: 17479.409 Thread 0x000074b3a43594e0 flushing  nmethod 0x000074b3932c1f90
Event: 17479.409 Thread 0x000074b3a43594e0 flushing  nmethod 0x000074b3932c3610
Event: 17479.409 Thread 0x000074b3a43594e0 flushing  nmethod 0x000074b3932c5690
Event: 17479.409 Thread 0x000074b3a43594e0 flushing  nmethod 0x000074b3932c5a10
Event: 17479.409 Thread 0x000074b3a43594e0 flushing  nmethod 0x000074b3932c6790
Event: 17479.409 Thread 0x000074b3a43594e0 flushing  nmethod 0x000074b3932d1910
Event: 17479.409 Thread 0x000074b3a43594e0 flushing  nmethod 0x000074b3932d5690
Event: 17479.409 Thread 0x000074b3a43594e0 flushing  nmethod 0x000074b3932ed590
Event: 17479.409 Thread 0x000074b3a43594e0 flushing  nmethod 0x000074b3932f1410
Event: 17479.409 Thread 0x000074b3a43594e0 flushing  nmethod 0x000074b39332d790
Event: 17479.409 Thread 0x000074b3a43594e0 flushing  nmethod 0x000074b393335f10
Event: 17479.409 Thread 0x000074b3a43594e0 flushing  nmethod 0x000074b393337890
Event: 17479.409 Thread 0x000074b3a43594e0 flushing  nmethod 0x000074b393341e10
Event: 17479.409 Thread 0x000074b3a43594e0 flushing  nmethod 0x000074b393357d10
Event: 17479.409 Thread 0x000074b3a43594e0 flushing  nmethod 0x000074b393359590
Event: 17479.409 Thread 0x000074b3a43594e0 flushing  nmethod 0x000074b393359e10
Event: 17479.409 Thread 0x000074b3a43594e0 flushing  nmethod 0x000074b39335c110

Events (20 events):
Event: 17623.419 Thread 0x000074b3a436dfd0 Thread added: 0x000074b320141010
Event: 17623.422 Thread 0x000074b3a436dfd0 Thread added: 0x000074b320142880
Event: 17623.438 Thread 0x000074b3a436dfd0 Thread added: 0x000074b3207e2e90
Event: 17623.474 Thread 0x000074b3a436dfd0 Thread added: 0x000074b3207e9cd0
Event: 17623.555 Thread 0x000074b3a436dfd0 Thread added: 0x000074b3207ed810
Event: 17623.555 Thread 0x000074b3a436dfd0 Thread added: 0x000074b3207f03f0
Event: 17623.556 Thread 0x000074b3a436dfd0 Thread added: 0x000074b3207f1070
Event: 17623.933 Thread 0x000074b3207e2e90 Thread exited: 0x000074b3207e2e90
Event: 17624.839 Thread 0x000074b3207f1070 Thread exited: 0x000074b3207f1070
Event: 17624.839 Thread 0x000074b320142880 Thread exited: 0x000074b320142880
Event: 17624.839 Thread 0x000074b320141010 Thread exited: 0x000074b320141010
Event: 17624.900 Thread 0x000074b3207f03f0 Thread exited: 0x000074b3207f03f0
Event: 17624.901 Thread 0x000074b3207ed810 Thread exited: 0x000074b3207ed810
Event: 17624.901 Thread 0x000074b3207e9cd0 Thread exited: 0x000074b3207e9cd0
Event: 17625.173 Thread 0x000074b3a436dfd0 Thread added: 0x000074b3207e9c20
Event: 17625.612 Thread 0x000074b3207e9c20 Thread exited: 0x000074b3207e9c20
Event: 17625.642 Thread 0x000074b3a436c940 Thread added: 0x000074b31c120110
Event: 17625.642 Thread 0x000074b3a436c940 Thread added: 0x000074b31c6dad50
Event: 17626.199 Thread 0x000074b31c6dad50 Thread exited: 0x000074b31c6dad50
Event: 17626.487 Thread 0x000074b31c120110 Thread exited: 0x000074b31c120110


Dynamic libraries:
80000000-b5500000 rw-p 00000000 00:00 0 
b5500000-d5580000 ---p 00000000 00:00 0 
d5580000-d6180000 rw-p 00000000 00:00 0 
d6180000-100000000 ---p 00000000 00:00 0 
5a88cfef2000-5a88cfef3000 r-xp 00000000 08:30 338930                     /root/.vscode-server/extensions/redhat.java-1.54.0-linux-x64/jre/21.0.10-linux-x86_64/bin/java
5a88cfef4000-5a88cfef5000 r--p 00001000 08:30 338930                     /root/.vscode-server/extensions/redhat.java-1.54.0-linux-x64/jre/21.0.10-linux-x86_64/bin/java
5a88cfef5000-5a88cfef6000 rw-p 00002000 08:30 338930                     /root/.vscode-server/extensions/redhat.java-1.54.0-linux-x64/jre/21.0.10-linux-x86_64/bin/java
5a88ded91000-5a88dedd7000 rw-p 00000000 00:00 0                          [heap]
74b0a0000000-74b0a0021000 rw-p 00000000 00:00 0 
74b0a0021000-74b0a4000000 ---p 00000000 00:00 0 
74b0a4000000-74b0a48f0000 rw-p 00000000 00:00 0 
74b0a48f0000-74b0a4920000 rw-p 00000000 00:00 0 
74b0a4920000-74b0a4a00000 ---p 00000000 00:00 0 
74b0a4a00000-74b0a4b80000 rw-p 00000000 00:00 0 
74b0a4b80000-74b0a8000000 ---p 00000000 00:00 0 
74b0a8000000-74b0a8021000 rw-p 00000000 00:00 0 
74b0a8021000-74b0ac000000 ---p 00000000 00:00 0 
74b0ac000000-74b0ac021000 rw-p 00000000 00:00 0 
74b0ac021000-74b0b0000000 ---p 00000000 00:00 0 
74b0b0000000-74b0b0021000 rw-p 00000000 00:00 0 
74b0b0021000-74b0b4000000 ---p 00000000 00:00 0 
74b0b4000000-74b0b4021000 rw-p 00000000 00:00 0 
74b0b4021000-74b0b8000000 ---p 00000000 00:00 0 
74b0b8000000-74b0b8021000 rw-p 00000000 00:00 0 
74b0b8021000-74b0bc000000 ---p 00000000 00:00 0 
74b0bc000000-74b0bc021000 rw-p 00000000 00:00 0 
74b0bc021000-74b0c0000000 ---p 00000000 00:00 0 
74b0c0000000-74b0c0021000 rw-p 00000000 00:00 0 
74b0c0021000-74b0c4000000 ---p 00000000 00:00 0 
74b0c4000000-74b0c4021000 rw-p 00000000 00:00 0 
74b0c4021000-74b0c8000000 ---p 00000000 00:00 0 
74b0c8000000-74b0c8021000 rw-p 00000000 00:00 0 
74b0c8021000-74b0cc000000 ---p 00000000 00:00 0 
74b0cc000000-74b0cc021000 rw-p 00000000 00:00 0 
74b0cc021000-74b0d0000000 ---p 00000000 00:00 0 
74b0d0000000-74b0d0021000 rw-p 00000000 00:00 0 
74b0d0021000-74b0d4000000 ---p 00000000 00:00 0 
74b0d4000000-74b0d4021000 rw-p 00000000 00:00 0 
74b0d4021000-74b0d8000000 ---p 00000000 00:00 0 
74b0d8000000-74b0d8021000 rw-p 00000000 00:00 0 
74b0d8021000-74b0dc000000 ---p 00000000 00:00 0 
74b0dc000000-74b0dc021000 rw-p 00000000 00:00 0 
74b0dc021000-74b0e0000000 ---p 00000000 00:00 0 
74b0e0000000-74b0e0021000 rw-p 00000000 00:00 0 
74b0e0021000-74b0e4000000 ---p 00000000 00:00 0 
74b0e4000000-74b0e4021000 rw-p 00000000 00:00 0 
74b0e4021000-74b0e8000000 ---p 00000000 00:00 0 
74b0e8000000-74b0e8021000 rw-p 00000000 00:00 0 
74b0e8021000-74b0ec000000 ---p 00000000 00:00 0 
74b0ec000000-74b0ec021000 rw-p 00000000 00:00 0 
74b0ec021000-74b0f0000000 ---p 00000000 00:00 0 
74b0f0000000-74b0f0021000 rw-p 00000000 00:00 0 
74b0f0021000-74b0f4000000 ---p 00000000 00:00 0 
74b0f4000000-74b0f4021000 rw-p 00000000 00:00 0 
74b0f4021000-74b0f8000000 ---p 00000000 00:00 0 
74b0f8000000-74b0f8021000 rw-p 00000000 00:00 0 
74b0f8021000-74b0fc000000 ---p 00000000 00:00 0 
74b0fc000000-74b0fc021000 rw-p 00000000 00:00 0 
74b0fc021000-74b100000000 ---p 00000000 00:00 0 
74b100000000-74b100021000 rw-p 00000000 00:00 0 
74b100021000-74b104000000 ---p 00000000 00:00 0 
74b104000000-74b104021000 rw-p 00000000 00:00 0 
74b104021000-74b108000000 ---p 00000000 00:00 0 
74b108000000-74b108021000 rw-p 00000000 00:00 0 
74b108021000-74b10c000000 ---p 00000000 00:00 0 
74b10c000000-74b10c021000 rw-p 00000000 00:00 0 
74b10c021000-74b110000000 ---p 00000000 00:00 0 
74b110000000-74b110021000 rw-p 00000000 00:00 0 
74b110021000-74b114000000 ---p 00000000 00:00 0 
74b114000000-74b114021000 rw-p 00000000 00:00 0 
74b114021000-74b118000000 ---p 00000000 00:00 0 
74b118000000-74b118021000 rw-p 00000000 00:00 0 
74b118021000-74b11c000000 ---p 00000000 00:00 0 
74b11c000000-74b11c021000 rw-p 00000000 00:00 0 
74b11c021000-74b120000000 ---p 00000000 00:00 0 
74b120000000-74b120021000 rw-p 00000000 00:00 0 
74b120021000-74b124000000 ---p 00000000 00:00 0 
74b124000000-74b124021000 rw-p 00000000 00:00 0 
74b124021000-74b128000000 ---p 00000000 00:00 0 
74b128000000-74b128021000 rw-p 00000000 00:00 0 
74b128021000-74b12c000000 ---p 00000000 00:00 0 
74b12c000000-74b12c021000 rw-p 00000000 00:00 0 
74b12c021000-74b130000000 ---p 00000000 00:00 0 
74b130000000-74b130021000 rw-p 00000000 00:00 0 
74b130021000-74b134000000 ---p 00000000 00:00 0 
74b134000000-74b134078000 rw-p 00000000 00:00 0 
74b134078000-74b138000000 ---p 00000000 00:00 0 
74b138000000-74b138021000 rw-p 00000000 00:00 0 
74b138021000-74b13c000000 ---p 00000000 00:00 0 
74b13c000000-74b13c021000 rw-p 00000000 00:00 0 
74b13c021000-74b140000000 ---p 00000000 00:00 0 
74b140000000-74b140021000 rw-p 00000000 00:00 0 
74b140021000-74b144000000 ---p 00000000 00:00 0 
74b144000000-74b144021000 rw-p 00000000 00:00 0 
74b144021000-74b148000000 ---p 00000000 00:00 0 
74b148000000-74b148021000 rw-p 00000000 00:00 0 
74b148021000-74b14c000000 ---p 00000000 00:00 0 
74b14c000000-74b14c021000 rw-p 00000000 00:00 0 
74b14c021000-74b150000000 ---p 00000000 00:00 0 
74b150000000-74b150021000 rw-p 00000000 00:00 0 
74b150021000-74b154000000 ---p 00000000 00:00 0 
74b154000000-74b154021000 rw-p 00000000 00:00 0 
74b154021000-74b158000000 ---p 00000000 00:00 0 
74b158000000-74b158021000 rw-p 00000000 00:00 0 
74b158021000-74b15c000000 ---p 00000000 00:00 0 
74b15c000000-74b15c021000 rw-p 00000000 00:00 0 
74b15c021000-74b160000000 ---p 00000000 00:00 0 
74b160000000-74b160021000 rw-p 00000000 00:00 0 
74b160021000-74b164000000 ---p 00000000 00:00 0 
74b164000000-74b164021000 rw-p 00000000 00:00 0 
74b164021000-74b168000000 ---p 00000000 00:00 0 
74b168000000-74b168021000 rw-p 00000000 00:00 0 
74b168021000-74b16c000000 ---p 00000000 00:00 0 
74b16c000000-74b16c021000 rw-p 00000000 00:00 0 
74b16c021000-74b170000000 ---p 00000000 00:00 0 
74b170000000-74b170021000 rw-p 00000000 00:00 0 
74b170021000-74b174000000 ---p 00000000 00:00 0 
74b174000000-74b174021000 rw-p 00000000 00:00 0 
74b174021000-74b178000000 ---p 00000000 00:00 0 
74b178000000-74b178021000 rw-p 00000000 00:00 0 
74b178021000-74b17c000000 ---p 00000000 00:00 0 
74b17c000000-74b17c5c2000 rw-p 00000000 00:00 0 
74b17c5c2000-74b180000000 ---p 00000000 00:00 0 
74b180000000-74b180021000 rw-p 00000000 00:00 0 
74b180021000-74b184000000 ---p 00000000 00:00 0 
74b184000000-74b184021000 rw-p 00000000 00:00 0 
74b184021000-74b188000000 ---p 00000000 00:00 0 
74b188000000-74b188021000 rw-p 00000000 00:00 0 
74b188021000-74b18c000000 ---p 00000000 00:00 0 
74b18c000000-74b18d0f6000 rw-p 00000000 00:00 0 
74b18d0f6000-74b190000000 ---p 00000000 00:00 0 
74b190000000-74b190021000 rw-p 00000000 00:00 0 
74b190021000-74b194000000 ---p 00000000 00:00 0 
74b194000000-74b1955a5000 rw-p 00000000 00:00 0 
74b1955a5000-74b198000000 ---p 00000000 00:00 0 
74b19b8f9000-74b19b8fd000 ---p 00000000 00:00 0 
74b19b8fd000-74b19b9fa000 rw-p 00000000 00:00 0 
74b19b9fa000-74b19b9fe000 ---p 00000000 00:00 0 
74b19b9fe000-74b19bafb000 rw-p 00000000 00:00 0 
74b19bbfc000-74b19bc00000 ---p 00000000 00:00 0 
74b19bc00000-74b19bcfd000 rw-p 00000000 00:00 0 
74b19bcfd000-74b19bd01000 ---p 00000000 00:00 0 
74b19bd01000-74b19bdfe000 rw-p 00000000 00:00 0 
74b19bdfe000-74b19be02000 ---p 00000000 00:00 0 
74b19be02000-74b19beff000 rw-p 00000000 00:00 0 
74b19beff000-74b19bf03000 ---p 00000000 00:00 0 
74b19bf03000-74b19c000000 rw-p 00000000 00:00 0 
74b19c000000-74b19c021000 rw-p 00000000 00:00 0 
74b19c021000-74b1a0000000 ---p 00000000 00:00 0 
74b1a0000000-74b1a14d7000 rw-p 00000000 00:00 0 
74b1a14d7000-74b1a4000000 ---p 00000000 00:00 0 
74b1a4000000-74b1a4021000 rw-p 00000000 00:00 0 
74b1a4021000-74b1a8000000 ---p 00000000 00:00 0 
74b1a8000000-74b1a8021000 rw-p 00000000 00:00 0 
74b1a8021000-74b1ac000000 ---p 00000000 00:00 0 
74b1ac000000-74b1ad794000 rw-p 00000000 00:00 0 
74b1ad794000-74b1b0000000 ---p 00000000 00:00 0 
74b1b0000000-74b1b0021000 rw-p 00000000 00:00 0 
74b1b0021000-74b1b4000000 ---p 00000000 00:00 0 
74b1b4000000-74b1b40e7000 rw-p 00000000 00:00 0 
74b1b40e7000-74b1b8000000 ---p 00000000 00:00 0 
74b1b8000000-74b1b8021000 rw-p 00000000 00:00 0 
74b1b8021000-74b1bc000000 ---p 00000000 00:00 0 
74b1bc000000-74b1bc021000 rw-p 00000000 00:00 0 
74b1bc021000-74b1c0000000 ---p 00000000 00:00 0 
74b1c00fd000-74b1c0101000 ---p 00000000 00:00 0 
74b1c0101000-74b1c01fe000 rw-p 00000000 00:00 0 
74b1c01fe000-74b1c0202000 ---p 00000000 00:00 0 
74b1c0202000-74b1c02ff000 rw-p 00000000 00:00 0 
74b1c02ff000-74b1c0303000 ---p 00000000 00:00 0 
74b1c0303000-74b1c0400000 rw-p 00000000 00:00 0 
74b1c0400000-74b1c7eb4000 r--s 00000000 08:30 289029                     /usr/lib/jvm/java-17-openjdk-amd64/lib/modules
74b1c7eff000-74b1c7f03000 ---p 00000000 00:00 0 
74b1c7f03000-74b1c8000000 rw-p 00000000 00:00 0 
74b1c8000000-74b1c8021000 rw-p 00000000 00:00 0 
74b1c8021000-74b1cc000000 ---p 00000000 00:00 0 
74b1cc000000-74b1cc09a000 rw-p 00000000 00:00 0 
74b1cc09a000-74b1d0000000 ---p 00000000 00:00 0 
74b1d0000000-74b1d071f000 rw-p 00000000 00:00 0 
74b1d071f000-74b1d4000000 ---p 00000000 00:00 0 
74b1d4000000-74b1d4021000 rw-p 00000000 00:00 0 
74b1d4021000-74b1d8000000 ---p 00000000 00:00 0 
74b1d8000000-74b1d8021000 rw-p 00000000 00:00 0 
74b1d8021000-74b1dc000000 ---p 00000000 00:00 0 
74b1dc000000-74b1dc68a000 rw-p 00000000 00:00 0 
74b1dc68a000-74b1e0000000 ---p 00000000 00:00 0 
74b1e0000000-74b1e0021000 rw-p 00000000 00:00 0 
74b1e0021000-74b1e4000000 ---p 00000000 00:00 0 
74b1e4000000-74b1e402d000 rw-p 00000000 00:00 0 
74b1e402d000-74b1e8000000 ---p 00000000 00:00 0 
74b1e8000000-74b1e879c000 rw-p 00000000 00:00 0 
74b1e879c000-74b1ec000000 ---p 00000000 00:00 0 
74b1ec000000-74b1ecb85000 rw-p 00000000 00:00 0 
74b1ecb85000-74b1f0000000 ---p 00000000 00:00 0 
74b1f0000000-74b1f0021000 rw-p 00000000 00:00 0 
74b1f0021000-74b1f4000000 ---p 00000000 00:00 0 
74b1f4000000-74b1f4021000 rw-p 00000000 00:00 0 
74b1f4021000-74b1f8000000 ---p 00000000 00:00 0 
74b1f8000000-74b1f8021000 rw-p 00000000 00:00 0 
74b1f8021000-74b1fc000000 ---p 00000000 00:00 0 
74b1fc000000-74b1fc4e9000 rw-p 00000000 00:00 0 
74b1fc4e9000-74b200000000 ---p 00000000 00:00 0 
74b200000000-74b200108000 rw-p 00000000 00:00 0 
74b200108000-74b204000000 ---p 00000000 00:00 0 
74b204000000-74b204021000 rw-p 00000000 00:00 0 
74b204021000-74b208000000 ---p 00000000 00:00 0 
74b208000000-74b20809a000 rw-p 00000000 00:00 0 
74b20809a000-74b20c000000 ---p 00000000 00:00 0 
74b20c000000-74b20d5c5000 rw-p 00000000 00:00 0 
74b20d5c5000-74b210000000 ---p 00000000 00:00 0 
74b210000000-74b210021000 rw-p 00000000 00:00 0 
74b210021000-74b214000000 ---p 00000000 00:00 0 
74b214000000-74b21470a000 rw-p 00000000 00:00 0 
74b21470a000-74b218000000 ---p 00000000 00:00 0 
74b218000000-74b218021000 rw-p 00000000 00:00 0 
74b218021000-74b21c000000 ---p 00000000 00:00 0 
74b21c000000-74b21c021000 rw-p 00000000 00:00 0 
74b21c021000-74b220000000 ---p 00000000 00:00 0 
74b220000000-74b22002e000 rw-p 00000000 00:00 0 
74b22002e000-74b224000000 ---p 00000000 00:00 0 
74b224000000-74b224052000 rw-p 00000000 00:00 0 
74b224052000-74b228000000 ---p 00000000 00:00 0 
74b228000000-74b228e75000 rw-p 00000000 00:00 0 
74b228e75000-74b22c000000 ---p 00000000 00:00 0 
74b22c000000-74b22c021000 rw-p 00000000 00:00 0 
74b22c021000-74b230000000 ---p 00000000 00:00 0 
74b230000000-74b230021000 rw-p 00000000 00:00 0 
74b230021000-74b234000000 ---p 00000000 00:00 0 
74b234000000-74b234ae8000 rw-p 00000000 00:00 0 
74b234ae8000-74b238000000 ---p 00000000 00:00 0 
74b238000000-74b2381cb000 rw-p 00000000 00:00 0 
74b2381cb000-74b23c000000 ---p 00000000 00:00 0 
74b23c000000-74b23c021000 rw-p 00000000 00:00 0 
74b23c021000-74b240000000 ---p 00000000 00:00 0 
74b240000000-74b24005a000 rw-p 00000000 00:00 0 
74b24005a000-74b244000000 ---p 00000000 00:00 0 
74b244000000-74b2443d9000 rw-p 00000000 00:00 0 
74b2443d9000-74b248000000 ---p 00000000 00:00 0 
74b248000000-74b248021000 rw-p 00000000 00:00 0 
74b248021000-74b24c000000 ---p 00000000 00:00 0 
74b24c000000-74b24c021000 rw-p 00000000 00:00 0 
74b24c021000-74b250000000 ---p 00000000 00:00 0 
74b250000000-74b250099000 rw-p 00000000 00:00 0 
74b250099000-74b254000000 ---p 00000000 00:00 0 
74b254000000-74b254046000 rw-p 00000000 00:00 0 
74b254046000-74b258000000 ---p 00000000 00:00 0 
74b258000000-74b259175000 rw-p 00000000 00:00 0 
74b259175000-74b25c000000 ---p 00000000 00:00 0 
74b25c000000-74b25c021000 rw-p 00000000 00:00 0 
74b25c021000-74b260000000 ---p 00000000 00:00 0 
74b260000000-74b260021000 rw-p 00000000 00:00 0 
74b260021000-74b264000000 ---p 00000000 00:00 0 
74b264000000-74b26563e000 rw-p 00000000 00:00 0 
74b26563e000-74b268000000 ---p 00000000 00:00 0 
74b268000000-74b268248000 rw-p 00000000 00:00 0 
74b268248000-74b26c000000 ---p 00000000 00:00 0 
74b26c000000-74b26c021000 rw-p 00000000 00:00 0 
74b26c021000-74b270000000 ---p 00000000 00:00 0 
74b270000000-74b270021000 rw-p 00000000 00:00 0 
74b270021000-74b274000000 ---p 00000000 00:00 0 
74b274000000-74b2745dd000 rw-p 00000000 00:00 0 
74b2745dd000-74b278000000 ---p 00000000 00:00 0 
74b278000000-74b278d4c000 rw-p 00000000 00:00 0 
74b278d4c000-74b27c000000 ---p 00000000 00:00 0 
74b27c000000-74b27c021000 rw-p 00000000 00:00 0 
74b27c021000-74b280000000 ---p 00000000 00:00 0 
74b280000000-74b280021000 rw-p 00000000 00:00 0 
74b280021000-74b284000000 ---p 00000000 00:00 0 
74b284000000-74b284021000 rw-p 00000000 00:00 0 
74b284021000-74b288000000 ---p 00000000 00:00 0 
74b288000000-74b288021000 rw-p 00000000 00:00 0 
74b288021000-74b28c000000 ---p 00000000 00:00 0 
74b28c000000-74b28c021000 rw-p 00000000 00:00 0 
74b28c021000-74b290000000 ---p 00000000 00:00 0 
74b290000000-74b29018a000 rw-p 00000000 00:00 0 
74b29018a000-74b294000000 ---p 00000000 00:00 0 
74b294000000-74b294381000 rw-p 00000000 00:00 0 
74b294381000-74b298000000 ---p 00000000 00:00 0 
74b298000000-74b2980ca000 rw-p 00000000 00:00 0 
74b2980ca000-74b29c000000 ---p 00000000 00:00 0 
74b29c000000-74b29c021000 rw-p 00000000 00:00 0 
74b29c021000-74b2a0000000 ---p 00000000 00:00 0 
74b2a0000000-74b2a0021000 rw-p 00000000 00:00 0 
74b2a0021000-74b2a4000000 ---p 00000000 00:00 0 
74b2a4000000-74b2a4049000 rw-p 00000000 00:00 0 
74b2a4049000-74b2a8000000 ---p 00000000 00:00 0 
74b2a8000000-74b2a8021000 rw-p 00000000 00:00 0 
74b2a8021000-74b2ac000000 ---p 00000000 00:00 0 
74b2ac000000-74b2ac021000 rw-p 00000000 00:00 0 
74b2ac021000-74b2b0000000 ---p 00000000 00:00 0 
74b2b003e000-74b2b0042000 ---p 00000000 00:00 0 
74b2b0042000-74b2b013f000 rw-p 00000000 00:00 0 
74b2b013f000-74b2b0143000 ---p 00000000 00:00 0 
74b2b0143000-74b2b0240000 rw-p 00000000 00:00 0 
74b2b0240000-74b2b0244000 ---p 00000000 00:00 0 
74b2b0244000-74b2b0341000 rw-p 00000000 00:00 0 
74b2b0543000-74b2b0547000 ---p 00000000 00:00 0 
74b2b0547000-74b2b0644000 rw-p 00000000 00:00 0 
74b2b0644000-74b2b0648000 ---p 00000000 00:00 0 
74b2b0648000-74b2b0745000 rw-p 00000000 00:00 0 
74b2b0846000-74b2b0847000 ---p 00000000 00:00 0 
74b2b0847000-74b2b0947000 rw-p 00000000 00:00 0 
74b2b0b49000-74b2b0b4a000 ---p 00000000 00:00 0 
74b2b0b4a000-74b2b0c4a000 rw-p 00000000 00:00 0 
74b2b0c4a000-74b2b0c4e000 ---p 00000000 00:00 0 
74b2b0c4e000-74b2b0d4b000 rw-p 00000000 00:00 0 
74b2b0e4c000-74b2b0e50000 ---p 00000000 00:00 0 
74b2b0e50000-74b2b0f4d000 rw-p 00000000 00:00 0 
74b2b0f4d000-74b2b0f51000 ---p 00000000 00:00 0 
74b2b0f51000-74b2b104e000 rw-p 00000000 00:00 0 
74b2b104e000-74b2b1052000 ---p 00000000 00:00 0 
74b2b1052000-74b2b114f000 rw-p 00000000 00:00 0 
74b2b114f000-74b2b1153000 ---p 00000000 00:00 0 
74b2b1153000-74b2b1250000 rw-p 00000000 00:00 0 
74b2b1250000-74b2b1254000 ---p 00000000 00:00 0 
74b2b1254000-74b2b1351000 rw-p 00000000 00:00 0 
74b2b1452000-74b2b1456000 ---p 00000000 00:00 0 
74b2b1456000-74b2b1553000 rw-p 00000000 00:00 0 
74b2b1654000-74b2b1658000 ---p 00000000 00:00 0 
74b2b1658000-74b2b1755000 rw-p 00000000 00:00 0 
74b2b1755000-74b2b1759000 ---p 00000000 00:00 0 
74b2b1759000-74b2b1856000 rw-p 00000000 00:00 0 
74b2b1856000-74b2b185a000 ---p 00000000 00:00 0 
74b2b185a000-74b2b1957000 rw-p 00000000 00:00 0 
74b2b1957000-74b2b195b000 ---p 00000000 00:00 0 
74b2b195b000-74b2b1a58000 rw-p 00000000 00:00 0 
74b2b1b59000-74b2b1b5d000 ---p 00000000 00:00 0 
74b2b1b5d000-74b2b1c5a000 rw-p 00000000 00:00 0 
74b2b1c5a000-74b2b1c5e000 ---p 00000000 00:00 0 
74b2b1c5e000-74b2b1d5b000 rw-p 00000000 00:00 0 
74b2b1d5b000-74b2b1d5f000 ---p 00000000 00:00 0 
74b2b1d5f000-74b2b1e5c000 rw-p 00000000 00:00 0 
74b2b1e5c000-74b2b1e60000 ---p 00000000 00:00 0 
74b2b1e60000-74b2b1f5d000 rw-p 00000000 00:00 0 
74b2b1f5d000-74b2b1f61000 ---p 00000000 00:00 0 
74b2b1f61000-74b2b205e000 rw-p 00000000 00:00 0 
74b2b205e000-74b2b2062000 ---p 00000000 00:00 0 
74b2b2062000-74b2b215f000 rw-p 00000000 00:00 0 
74b2b2260000-74b2b2264000 ---p 00000000 00:00 0 
74b2b2264000-74b2b2361000 rw-p 00000000 00:00 0 
74b2b2361000-74b2b2365000 ---p 00000000 00:00 0 
74b2b2365000-74b2b2462000 rw-p 00000000 00:00 0 
74b2b2462000-74b2b2466000 ---p 00000000 00:00 0 
74b2b2466000-74b2b2563000 rw-p 00000000 00:00 0 
74b2b2563000-74b2b2567000 ---p 00000000 00:00 0 
74b2b2567000-74b2b2664000 rw-p 00000000 00:00 0 
74b2b2765000-74b2b2769000 ---p 00000000 00:00 0 
74b2b2769000-74b2b2866000 rw-p 00000000 00:00 0 
74b2b2866000-74b2b286a000 ---p 00000000 00:00 0 
74b2b286a000-74b2b2967000 rw-p 00000000 00:00 0 
74b2b2a68000-74b2b2a6c000 ---p 00000000 00:00 0 
74b2b2a6c000-74b2b2b69000 rw-p 00000000 00:00 0 
74b2b2c6a000-74b2b2c6e000 ---p 00000000 00:00 0 
74b2b2c6e000-74b2b2d6b000 rw-p 00000000 00:00 0 
74b2b2d6b000-74b2b2d6c000 ---p 00000000 00:00 0 
74b2b2d6c000-74b2b2e6c000 rw-p 00000000 00:00 0 
74b2b2e6c000-74b2b2e6d000 ---p 00000000 00:00 0 
74b2b2e6d000-74b2b2f6d000 rw-p 00000000 00:00 0 
74b2b306e000-74b2b3072000 ---p 00000000 00:00 0 
74b2b3072000-74b2b316f000 rw-p 00000000 00:00 0 
74b2b316f000-74b2b3173000 ---p 00000000 00:00 0 
74b2b3173000-74b2b3270000 rw-p 00000000 00:00 0 
74b2b3270000-74b2b3271000 ---p 00000000 00:00 0 
74b2b3271000-74b2b3371000 rw-p 00000000 00:00 0 
74b2b3472000-74b2b3473000 ---p 00000000 00:00 0 
74b2b3473000-74b2b3573000 rw-p 00000000 00:00 0 
74b2b3573000-74b2b3574000 ---p 00000000 00:00 0 
74b2b3574000-74b2b3674000 rw-p 00000000 00:00 0 
74b2b3674000-74b2b3675000 ---p 00000000 00:00 0 
74b2b3675000-74b2b3775000 rw-p 00000000 00:00 0 
74b2b3775000-74b2b3779000 ---p 00000000 00:00 0 
74b2b3779000-74b2b3876000 rw-p 00000000 00:00 0 
74b2b3876000-74b2b387a000 ---p 00000000 00:00 0 
74b2b387a000-74b2b3977000 rw-p 00000000 00:00 0 
74b2b3977000-74b2b3978000 ---p 00000000 00:00 0 
74b2b3978000-74b2b3a78000 rw-p 00000000 00:00 0 
74b2b3a78000-74b2b3a79000 ---p 00000000 00:00 0 
74b2b3a79000-74b2b3b79000 rw-p 00000000 00:00 0 
74b2b3cfd000-74b2b3d01000 ---p 00000000 00:00 0 
74b2b3d01000-74b2b3dfe000 rw-p 00000000 00:00 0 
74b2b3dfe000-74b2b3dff000 ---p 00000000 00:00 0 
74b2b3dff000-74b2b3eff000 rw-p 00000000 00:00 0 
74b2b3eff000-74b2b3f00000 ---p 00000000 00:00 0 
74b2b3f00000-74b2b4000000 rw-p 00000000 00:00 0 
74b2b4000000-74b2b40ee000 rw-p 00000000 00:00 0 
74b2b40ee000-74b2b8000000 ---p 00000000 00:00 0 
74b2b8000000-74b2b81cc000 rw-p 00000000 00:00 0 
74b2b81cc000-74b2bc000000 ---p 00000000 00:00 0 
74b2bc000000-74b2bc021000 rw-p 00000000 00:00 0 
74b2bc021000-74b2c0000000 ---p 00000000 00:00 0 
74b2c0000000-74b2c0021000 rw-p 00000000 00:00 0 
74b2c0021000-74b2c4000000 ---p 00000000 00:00 0 
74b2c4000000-74b2c4021000 rw-p 00000000 00:00 0 
74b2c4021000-74b2c8000000 ---p 00000000 00:00 0 
74b2c8000000-74b2c8021000 rw-p 00000000 00:00 0 
74b2c8021000-74b2cc000000 ---p 00000000 00:00 0 
74b2cc000000-74b2cc021000 rw-p 00000000 00:00 0 
74b2cc021000-74b2d0000000 ---p 00000000 00:00 0 
74b2d0000000-74b2d0961000 rw-p 00000000 00:00 0 
74b2d0961000-74b2d4000000 ---p 00000000 00:00 0 
74b2d4000000-74b2d4bee000 rw-p 00000000 00:00 0 
74b2d4bee000-74b2d8000000 ---p 00000000 00:00 0 
74b2d8000000-74b2d8021000 rw-p 00000000 00:00 0 
74b2d8021000-74b2dc000000 ---p 00000000 00:00 0 
74b2dc000000-74b2dc030000 rw-p 00000000 00:00 0 
74b2dc030000-74b2e0000000 ---p 00000000 00:00 0 
74b2e0000000-74b2e0021000 rw-p 00000000 00:00 0 
74b2e0021000-74b2e4000000 ---p 00000000 00:00 0 
74b2e4000000-74b2e4040000 rw-p 00000000 00:00 0 
74b2e4040000-74b2e8000000 ---p 00000000 00:00 0 
74b2e8000000-74b2e8021000 rw-p 00000000 00:00 0 
74b2e8021000-74b2ec000000 ---p 00000000 00:00 0 
74b2ec000000-74b2ec021000 rw-p 00000000 00:00 0 
74b2ec021000-74b2f0000000 ---p 00000000 00:00 0 
74b2f0000000-74b2f13ed000 rw-p 00000000 00:00 0 
74b2f13ed000-74b2f4000000 ---p 00000000 00:00 0 
74b2f4000000-74b2f4021000 rw-p 00000000 00:00 0 
74b2f4021000-74b2f8000000 ---p 00000000 00:00 0 
74b2f8000000-74b2f8021000 rw-p 00000000 00:00 0 
74b2f8021000-74b2fc000000 ---p 00000000 00:00 0 
74b2fc000000-74b2fd23d000 rw-p 00000000 00:00 0 
74b2fd23d000-74b300000000 ---p 00000000 00:00 0 
74b300000000-74b300021000 rw-p 00000000 00:00 0 
74b300021000-74b304000000 ---p 00000000 00:00 0 
74b304000000-74b30407c000 rw-p 00000000 00:00 0 
74b30407c000-74b308000000 ---p 00000000 00:00 0 
74b308000000-74b309361000 rw-p 00000000 00:00 0 
74b309361000-74b30c000000 ---p 00000000 00:00 0 
74b30c000000-74b30c471000 rw-p 00000000 00:00 0 
74b30c471000-74b310000000 ---p 00000000 00:00 0 
74b310000000-74b310283000 rw-p 00000000 00:00 0 
74b310283000-74b314000000 ---p 00000000 00:00 0 
74b314000000-74b314359000 rw-p 00000000 00:00 0 
74b314359000-74b318000000 ---p 00000000 00:00 0 
74b318000000-74b318021000 rw-p 00000000 00:00 0 
74b318021000-74b31c000000 ---p 00000000 00:00 0 
74b31c000000-74b31e62f000 rw-p 00000000 00:00 0 
74b31e62f000-74b320000000 ---p 00000000 00:00 0 
74b320000000-74b3209f6000 rw-p 00000000 00:00 0 
74b3209f6000-74b324000000 ---p 00000000 00:00 0 
74b324000000-74b324021000 rw-p 00000000 00:00 0 
74b324021000-74b328000000 ---p 00000000 00:00 0 
74b328000000-74b328021000 rw-p 00000000 00:00 0 
74b328021000-74b32c000000 ---p 00000000 00:00 0 
74b32c000000-74b32c021000 rw-p 00000000 00:00 0 
74b32c021000-74b330000000 ---p 00000000 00:00 0 
74b330000000-74b330021000 rw-p 00000000 00:00 0 
74b330021000-74b334000000 ---p 00000000 00:00 0 
74b334000000-74b334040000 rw-p 00000000 00:00 0 
74b334040000-74b338000000 ---p 00000000 00:00 0 
74b338000000-74b338021000 rw-p 00000000 00:00 0 
74b338021000-74b33c000000 ---p 00000000 00:00 0 
74b33c000000-74b33c3f0000 rw-p 00000000 00:00 0 
74b33c3f0000-74b33c770000 rw-p 00000000 00:00 0 
74b33c770000-74b33c7f0000 rw-p 00000000 00:00 0 
74b33c7f0000-74b33c930000 rw-p 00000000 00:00 0 
74b33c930000-74b33c970000 rw-p 00000000 00:00 0 
74b33c970000-74b33caf0000 rw-p 00000000 00:00 0 
74b33caf0000-74b33cbf0000 rw-p 00000000 00:00 0 
74b33cbf0000-74b33d1b0000 rw-p 00000000 00:00 0 
74b33d1b0000-74b33d2f0000 rw-p 00000000 00:00 0 
74b33d2f0000-74b33d3f0000 rw-p 00000000 00:00 0 
74b33d3f0000-74b33daf0000 rw-p 00000000 00:00 0 
74b33daf0000-74b33dcf0000 rw-p 00000000 00:00 0 
74b33dcf0000-74b33ddf0000 rw-p 00000000 00:00 0 
74b33ddf0000-74b33df70000 rw-p 00000000 00:00 0 
74b33df70000-74b33e0b0000 rw-p 00000000 00:00 0 
74b33e0b0000-74b33e0f0000 rw-p 00000000 00:00 0 
74b33e0f0000-74b33e2f0000 rw-p 00000000 00:00 0 
74b33e2f0000-74b33e3f0000 rw-p 00000000 00:00 0 
74b33e3f0000-74b33e4f0000 rw-p 00000000 00:00 0 
74b33e4f0000-74b33e5f0000 rw-p 00000000 00:00 0 
74b33e5f0000-74b33ef70000 rw-p 00000000 00:00 0 
74b33ef70000-74b33eff0000 rw-p 00000000 00:00 0 
74b33eff0000-74b33f970000 rw-p 00000000 00:00 0 
74b33f970000-74b33f9f0000 rw-p 00000000 00:00 0 
74b33f9f0000-74b33ff70000 rw-p 00000000 00:00 0 
74b33ff70000-74b340000000 rw-p 00000000 00:00 0 
74b340000000-74b340021000 rw-p 00000000 00:00 0 
74b340021000-74b344000000 ---p 00000000 00:00 0 
74b34406b000-74b34406c000 ---p 00000000 00:00 0 
74b34406c000-74b34416c000 rw-p 00000000 00:00 0 
74b34416c000-74b344170000 ---p 00000000 00:00 0 
74b344170000-74b34426d000 rw-p 00000000 00:00 0 
74b34436e000-74b34436f000 ---p 00000000 00:00 0 
74b34436f000-74b34446f000 rw-p 00000000 00:00 0 
74b34446f000-74b344470000 ---p 00000000 00:00 0 
74b344470000-74b344570000 rw-p 00000000 00:00 0 
74b344570000-74b344571000 ---p 00000000 00:00 0 
74b344571000-74b344671000 rw-p 00000000 00:00 0 
74b344671000-74b344675000 ---p 00000000 00:00 0 
74b344675000-74b344772000 rw-p 00000000 00:00 0 
74b344772000-74b344776000 ---p 00000000 00:00 0 
74b344776000-74b344873000 rw-p 00000000 00:00 0 
74b344873000-74b344877000 ---p 00000000 00:00 0 
74b344877000-74b344974000 rw-p 00000000 00:00 0 
74b344974000-74b344975000 ---p 00000000 00:00 0 
74b344975000-74b344a75000 rw-p 00000000 00:00 0 
74b344a75000-74b344a79000 ---p 00000000 00:00 0 
74b344a79000-74b344b76000 rw-p 00000000 00:00 0 
74b344b76000-74b344b7a000 ---p 00000000 00:00 0 
74b344b7a000-74b344c77000 rw-p 00000000 00:00 0 
74b344c77000-74b344c7b000 ---p 00000000 00:00 0 
74b344c7b000-74b344d78000 rw-p 00000000 00:00 0 
74b344d78000-74b344d79000 ---p 00000000 00:00 0 
74b344d79000-74b344e79000 rw-p 00000000 00:00 0 
74b344e79000-74b344e7d000 ---p 00000000 00:00 0 
74b344e7d000-74b344f7a000 rw-p 00000000 00:00 0 
74b34507b000-74b34507c000 ---p 00000000 00:00 0 
74b34507c000-74b34517c000 rw-p 00000000 00:00 0 
74b34517c000-74b34517d000 ---p 00000000 00:00 0 
74b34517d000-74b34527d000 rw-p 00000000 00:00 0 
74b34527d000-74b34527e000 ---p 00000000 00:00 0 
74b34527e000-74b34537e000 rw-p 00000000 00:00 0 
74b34537e000-74b345382000 ---p 00000000 00:00 0 
74b345382000-74b34547f000 rw-p 00000000 00:00 0 
74b345681000-74b345685000 ---p 00000000 00:00 0 
74b345685000-74b345782000 rw-p 00000000 00:00 0 
74b345984000-74b345988000 ---p 00000000 00:00 0 
74b345988000-74b345a85000 rw-p 00000000 00:00 0 
74b345b86000-74b345b8a000 ---p 00000000 00:00 0 
74b345b8a000-74b345c87000 rw-p 00000000 00:00 0 
74b345c87000-74b345c8b000 ---p 00000000 00:00 0 
74b345c8b000-74b345d88000 rw-p 00000000 00:00 0 
74b345d88000-74b345d8c000 ---p 00000000 00:00 0 
74b345d8c000-74b345e89000 rw-p 00000000 00:00 0 
74b345e89000-74b345e8d000 ---p 00000000 00:00 0 
74b345e8d000-74b345f8a000 rw-p 00000000 00:00 0 
74b345f8a000-74b345f8e000 ---p 00000000 00:00 0 
74b345f8e000-74b34608b000 rw-p 00000000 00:00 0 
74b34608b000-74b34608f000 ---p 00000000 00:00 0 
74b34608f000-74b34618c000 rw-p 00000000 00:00 0 
74b34618c000-74b346190000 ---p 00000000 00:00 0 
74b346190000-74b34628d000 rw-p 00000000 00:00 0 
74b34628d000-74b346400000 r--p 00000000 08:30 105740                     /usr/lib/locale/C.UTF-8/LC_COLLATE
74b346400000-74b3466e6000 r--p 00000000 08:30 105731                     /usr/lib/locale/locale-archive
74b3466f7000-74b3466f8000 ---p 00000000 00:00 0 
74b3466f8000-74b347000000 rw-p 00000000 00:00 0 
74b347000000-74b347bbb000 rw-p 00001000 08:30 338975                     /root/.vscode-server/extensions/redhat.java-1.54.0-linux-x64/jre/21.0.10-linux-x86_64/lib/server/classes.jsa
74b347bbb000-74b348000000 ---p 00000000 00:00 0 
74b348000000-74b348030000 rw-p 00000000 00:00 0 
74b348030000-74b3480b0000 rw-p 00000000 00:00 0 
74b3480b0000-74b3480f0000 rw-p 00000000 00:00 0 
74b3480f0000-74b3481d0000 rw-p 00000000 00:00 0 
74b3481d0000-74b3481f0000 rw-p 00000000 00:00 0 
74b3481f0000-74b348330000 rw-p 00000000 00:00 0 
74b348330000-74b348370000 rw-p 00000000 00:00 0 
74b348370000-74b348430000 rw-p 00000000 00:00 0 
74b348430000-74b3484b0000 rw-p 00000000 00:00 0 
74b3484b0000-74b3484f0000 rw-p 00000000 00:00 0 
74b3484f0000-74b348500000 ---p 00000000 00:00 0 
74b348500000-74b3488b0000 rw-p 00000000 00:00 0 
74b3488b0000-74b388000000 ---p 00000000 00:00 0 
74b388000000-74b38c000000 rw-p 00000000 00:00 0 
74b38c000000-74b38c021000 rw-p 00000000 00:00 0 
74b38c021000-74b390000000 ---p 00000000 00:00 0 
74b3900e3000-74b391e00000 rw-p 00000000 00:00 0 
74b391e00000-74b394fc0000 rwxp 00000000 00:00 0 
74b394fc0000-74b399217000 ---p 00000000 00:00 0 
74b399217000-74b399617000 rwxp 00000000 00:00 0 
74b399617000-74b3999e8000 ---p 00000000 00:00 0 
74b3999e8000-74b39b1b8000 rwxp 00000000 00:00 0 
74b39b1b8000-74b3a0e00000 ---p 00000000 00:00 0 
74b3a0e00000-74b3a3fda000 r--s 00000000 08:30 338826                     /root/.vscode-server/extensions/redhat.java-1.54.0-linux-x64/jre/21.0.10-linux-x86_64/lib/modules
74b3a3fe8000-74b3a3fea000 r-xp 00000000 08:30 338867                     /root/.vscode-server/extensions/redhat.java-1.54.0-linux-x64/jre/21.0.10-linux-x86_64/lib/libextnet.so
74b3a3fea000-74b3a3feb000 r--p 00001000 08:30 338867                     /root/.vscode-server/extensions/redhat.java-1.54.0-linux-x64/jre/21.0.10-linux-x86_64/lib/libextnet.so
74b3a3feb000-74b3a3fec000 rw-p 00002000 08:30 338867                     /root/.vscode-server/extensions/redhat.java-1.54.0-linux-x64/jre/21.0.10-linux-x86_64/lib/libextnet.so
74b3a3fec000-74b3a3ff0000 r--p 00000000 08:30 118231                     /root/.vscode-server/data/User/globalStorage/redhat.java/1.54.0/config_linux/org.eclipse.equinox.launcher/org.eclipse.equinox.launcher.gtk.linux.x86_64_1.2.1500.v20250801-0854/eclipse_11916.so
74b3a3ff0000-74b3a3ffa000 r-xp 00004000 08:30 118231                     /root/.vscode-server/data/User/globalStorage/redhat.java/1.54.0/config_linux/org.eclipse.equinox.launcher/org.eclipse.equinox.launcher.gtk.linux.x86_64_1.2.1500.v20250801-0854/eclipse_11916.so
74b3a3ffa000-74b3a3ffd000 r--p 0000e000 08:30 118231                     /root/.vscode-server/data/User/globalStorage/redhat.java/1.54.0/config_linux/org.eclipse.equinox.launcher/org.eclipse.equinox.launcher.gtk.linux.x86_64_1.2.1500.v20250801-0854/eclipse_11916.so
74b3a3ffd000-74b3a3ffe000 r--p 00010000 08:30 118231                     /root/.vscode-server/data/User/globalStorage/redhat.java/1.54.0/config_linux/org.eclipse.equinox.launcher/org.eclipse.equinox.launcher.gtk.linux.x86_64_1.2.1500.v20250801-0854/eclipse_11916.so
74b3a3ffe000-74b3a3fff000 rw-p 00011000 08:30 118231                     /root/.vscode-server/data/User/globalStorage/redhat.java/1.54.0/config_linux/org.eclipse.equinox.launcher/org.eclipse.equinox.launcher.gtk.linux.x86_64_1.2.1500.v20250801-0854/eclipse_11916.so
74b3a3fff000-74b3a4000000 rw-p 00000000 00:00 0 
74b3a4000000-74b3a47d0000 rw-p 00000000 00:00 0 
74b3a47d0000-74b3a8000000 ---p 00000000 00:00 0 
74b3a8001000-74b3a800e000 r-xp 00000000 08:30 338828                     /root/.vscode-server/extensions/redhat.java-1.54.0-linux-x64/jre/21.0.10-linux-x86_64/lib/libverify.so
74b3a800e000-74b3a8010000 r--p 0000c000 08:30 338828                     /root/.vscode-server/extensions/redhat.java-1.54.0-linux-x64/jre/21.0.10-linux-x86_64/lib/libverify.so
74b3a8010000-74b3a8011000 rw-p 0000e000 08:30 338828                     /root/.vscode-server/extensions/redhat.java-1.54.0-linux-x64/jre/21.0.10-linux-x86_64/lib/libverify.so
74b3a8011000-74b3a801d000 r-xp 00000000 08:30 338839                     /root/.vscode-server/extensions/redhat.java-1.54.0-linux-x64/jre/21.0.10-linux-x86_64/lib/libnet.so
74b3a801d000-74b3a801e000 r--p 0000b000 08:30 338839                     /root/.vscode-server/extensions/redhat.java-1.54.0-linux-x64/jre/21.0.10-linux-x86_64/lib/libnet.so
74b3a801e000-74b3a801f000 rw-p 0000c000 08:30 338839                     /root/.vscode-server/extensions/redhat.java-1.54.0-linux-x64/jre/21.0.10-linux-x86_64/lib/libnet.so
74b3a801f000-74b3a8033000 r-xp 00000000 08:30 338837                     /root/.vscode-server/extensions/redhat.java-1.54.0-linux-x64/jre/21.0.10-linux-x86_64/lib/libnio.so
74b3a8033000-74b3a8034000 r--p 00013000 08:30 338837                     /root/.vscode-server/extensions/redhat.java-1.54.0-linux-x64/jre/21.0.10-linux-x86_64/lib/libnio.so
74b3a8034000-74b3a8035000 rw-p 00014000 08:30 338837                     /root/.vscode-server/extensions/redhat.java-1.54.0-linux-x64/jre/21.0.10-linux-x86_64/lib/libnio.so
74b3a8035000-74b3a8050000 r-xp 00000000 08:30 338827                     /root/.vscode-server/extensions/redhat.java-1.54.0-linux-x64/jre/21.0.10-linux-x86_64/lib/libzip.so
74b3a8050000-74b3a8051000 r--p 0001a000 08:30 338827                     /root/.vscode-server/extensions/redhat.java-1.54.0-linux-x64/jre/21.0.10-linux-x86_64/lib/libzip.so
74b3a8051000-74b3a8052000 rw-p 0001b000 08:30 338827                     /root/.vscode-server/extensions/redhat.java-1.54.0-linux-x64/jre/21.0.10-linux-x86_64/lib/libzip.so
74b3a8052000-74b3a8084000 r--p 00000000 08:30 105734                     /usr/lib/locale/C.UTF-8/LC_CTYPE
74b3a8084000-74b3a8085000 r--p 00000000 08:30 105742                     /usr/lib/locale/C.UTF-8/LC_NUMERIC
74b3a8085000-74b3a8086000 r--p 00000000 08:30 105741                     /usr/lib/locale/C.UTF-8/LC_TIME
74b3a8086000-74b3a8087000 r--p 00000000 08:30 105743                     /usr/lib/locale/C.UTF-8/LC_MONETARY
74b3a8087000-74b3a8088000 r--p 00000000 08:30 105745                     /usr/lib/locale/C.UTF-8/LC_MESSAGES/SYS_LC_MESSAGES
74b3a8088000-74b3a8089000 r--p 00000000 08:30 105739                     /usr/lib/locale/C.UTF-8/LC_PAPER
74b3a8089000-74b3a808a000 r--p 00000000 08:30 105735                     /usr/lib/locale/C.UTF-8/LC_NAME
74b3a808a000-74b3a808b000 r--p 00000000 08:30 105733                     /usr/lib/locale/C.UTF-8/LC_ADDRESS
74b3a808b000-74b3a808c000 r--p 00000000 08:30 105744                     /usr/lib/locale/C.UTF-8/LC_TELEPHONE
74b3a808c000-74b3a808d000 r--p 00000000 08:30 105738                     /usr/lib/locale/C.UTF-8/LC_MEASUREMENT
74b3a808d000-74b3a8094000 r--s 00000000 08:30 104435                     /usr/lib/x86_64-linux-gnu/gconv/gconv-modules.cache
74b3a8094000-74b3aa0b4000 rw-p 00000000 00:00 0 
74b3aa0b4000-74b3aa0b5000 ---p 00000000 00:00 0 
74b3aa0b5000-74b3aa8a5000 rw-p 00000000 00:00 0 
74b3aa8a5000-74b3aa9a5000 ---p 00000000 00:00 0 
74b3aa9a5000-74b3aa9a6000 ---p 00000000 00:00 0 
74b3aa9a6000-74b3aac51000 rw-p 00000000 00:00 0 
74b3aac51000-74b3aad50000 ---p 00000000 00:00 0 
74b3aad50000-74b3aad57000 rw-p 00000000 00:00 0 
74b3aad57000-74b3aaea7000 ---p 00000000 00:00 0 
74b3aaea7000-74b3aaed7000 rw-p 00000000 00:00 0 
74b3aaed7000-74b3aaf90000 ---p 00000000 00:00 0 
74b3aaf90000-74b3aaff4000 rw-p 00000000 00:00 0 
74b3aaff4000-74b3ab079000 ---p 00000000 00:00 0 
74b3ab079000-74b3ab07c000 r--p 00000000 08:30 103015                     /usr/lib/x86_64-linux-gnu/libnss_files-2.31.so
74b3ab07c000-74b3ab083000 r-xp 00003000 08:30 103015                     /usr/lib/x86_64-linux-gnu/libnss_files-2.31.so
74b3ab083000-74b3ab085000 r--p 0000a000 08:30 103015                     /usr/lib/x86_64-linux-gnu/libnss_files-2.31.so
74b3ab085000-74b3ab086000 r--p 0000b000 08:30 103015                     /usr/lib/x86_64-linux-gnu/libnss_files-2.31.so
74b3ab086000-74b3ab087000 rw-p 0000c000 08:30 103015                     /usr/lib/x86_64-linux-gnu/libnss_files-2.31.so
74b3ab087000-74b3ab08d000 rw-p 00000000 00:00 0 
74b3ab08d000-74b3ab0ae000 r-xp 00000000 08:30 338857                     /root/.vscode-server/extensions/redhat.java-1.54.0-linux-x64/jre/21.0.10-linux-x86_64/lib/libjava.so
74b3ab0ae000-74b3ab0af000 r--p 00020000 08:30 338857                     /root/.vscode-server/extensions/redhat.java-1.54.0-linux-x64/jre/21.0.10-linux-x86_64/lib/libjava.so
74b3ab0af000-74b3ab0b0000 rw-p 00021000 08:30 338857                     /root/.vscode-server/extensions/redhat.java-1.54.0-linux-x64/jre/21.0.10-linux-x86_64/lib/libjava.so
74b3ab0b0000-74b3ab0b1000 rw-p 00000000 00:00 0 
74b3ab0b1000-74b3ab0be000 r--p 00000000 08:30 103299                     /usr/lib/x86_64-linux-gnu/libm-2.31.so
74b3ab0be000-74b3ab165000 r-xp 0000d000 08:30 103299                     /usr/lib/x86_64-linux-gnu/libm-2.31.so
74b3ab165000-74b3ab1fe000 r--p 000b4000 08:30 103299                     /usr/lib/x86_64-linux-gnu/libm-2.31.so
74b3ab1fe000-74b3ab1ff000 r--p 0014c000 08:30 103299                     /usr/lib/x86_64-linux-gnu/libm-2.31.so
74b3ab1ff000-74b3ab200000 rw-p 0014d000 08:30 103299                     /usr/lib/x86_64-linux-gnu/libm-2.31.so
74b3ab200000-74b3ac61d000 r-xp 00000000 08:30 338972                     /root/.vscode-server/extensions/redhat.java-1.54.0-linux-x64/jre/21.0.10-linux-x86_64/lib/server/libjvm.so
74b3ac61d000-74b3ac6f2000 r--p 0141c000 08:30 338972                     /root/.vscode-server/extensions/redhat.java-1.54.0-linux-x64/jre/21.0.10-linux-x86_64/lib/server/libjvm.so
74b3ac6f2000-74b3ac722000 rw-p 014f1000 08:30 338972                     /root/.vscode-server/extensions/redhat.java-1.54.0-linux-x64/jre/21.0.10-linux-x86_64/lib/server/libjvm.so
74b3ac722000-74b3ac788000 rw-p 00000000 00:00 0 
74b3ac788000-74b3ac789000 r--p 00000000 08:30 105736                     /usr/lib/locale/C.UTF-8/LC_IDENTIFICATION
74b3ac789000-74b3ac791000 rw-p 00000000 00:00 0 
74b3ac791000-74b3ac799000 ---p 00000000 00:00 0 
74b3ac799000-74b3ac7a3000 r-xp 00000000 08:30 338863                     /root/.vscode-server/extensions/redhat.java-1.54.0-linux-x64/jre/21.0.10-linux-x86_64/lib/libinstrument.so
74b3ac7a3000-74b3ac7a4000 ---p 0000a000 08:30 338863                     /root/.vscode-server/extensions/redhat.java-1.54.0-linux-x64/jre/21.0.10-linux-x86_64/lib/libinstrument.so
74b3ac7a4000-74b3ac7a5000 r--p 0000a000 08:30 338863                     /root/.vscode-server/extensions/redhat.java-1.54.0-linux-x64/jre/21.0.10-linux-x86_64/lib/libinstrument.so
74b3ac7a5000-74b3ac7a6000 rw-p 0000b000 08:30 338863                     /root/.vscode-server/extensions/redhat.java-1.54.0-linux-x64/jre/21.0.10-linux-x86_64/lib/libinstrument.so
74b3ac7a6000-74b3ac7c1000 r-xp 00000000 08:30 338851                     /root/.vscode-server/extensions/redhat.java-1.54.0-linux-x64/jre/21.0.10-linux-x86_64/lib/libjimage.so
74b3ac7c1000-74b3ac7c2000 ---p 0001b000 08:30 338851                     /root/.vscode-server/extensions/redhat.java-1.54.0-linux-x64/jre/21.0.10-linux-x86_64/lib/libjimage.so
74b3ac7c2000-74b3ac7c4000 r--p 0001b000 08:30 338851                     /root/.vscode-server/extensions/redhat.java-1.54.0-linux-x64/jre/21.0.10-linux-x86_64/lib/libjimage.so
74b3ac7c4000-74b3ac7c5000 rw-p 0001d000 08:30 338851                     /root/.vscode-server/extensions/redhat.java-1.54.0-linux-x64/jre/21.0.10-linux-x86_64/lib/libjimage.so
74b3ac7c5000-74b3ac7c9000 ---p 00000000 00:00 0 
74b3ac7c9000-74b3ac8c6000 rw-p 00000000 00:00 0 
74b3ac8c6000-74b3ac8c8000 r--p 00000000 08:30 103354                     /usr/lib/x86_64-linux-gnu/librt-2.31.so
74b3ac8c8000-74b3ac8cc000 r-xp 00002000 08:30 103354                     /usr/lib/x86_64-linux-gnu/librt-2.31.so
74b3ac8cc000-74b3ac8ce000 r--p 00006000 08:30 103354                     /usr/lib/x86_64-linux-gnu/librt-2.31.so
74b3ac8ce000-74b3ac8cf000 r--p 00007000 08:30 103354                     /usr/lib/x86_64-linux-gnu/librt-2.31.so
74b3ac8cf000-74b3ac8d0000 rw-p 00008000 08:30 103354                     /usr/lib/x86_64-linux-gnu/librt-2.31.so
74b3ac8d0000-74b3ac8d2000 rw-p 00000000 00:00 0 
74b3ac8d2000-74b3ac8f4000 r--p 00000000 08:30 102877                     /usr/lib/x86_64-linux-gnu/libc-2.31.so
74b3ac8f4000-74b3aca6c000 r-xp 00022000 08:30 102877                     /usr/lib/x86_64-linux-gnu/libc-2.31.so
74b3aca6c000-74b3acaba000 r--p 0019a000 08:30 102877                     /usr/lib/x86_64-linux-gnu/libc-2.31.so
74b3acaba000-74b3acabe000 r--p 001e7000 08:30 102877                     /usr/lib/x86_64-linux-gnu/libc-2.31.so
74b3acabe000-74b3acac0000 rw-p 001eb000 08:30 102877                     /usr/lib/x86_64-linux-gnu/libc-2.31.so
74b3acac0000-74b3acac4000 rw-p 00000000 00:00 0 
74b3acac4000-74b3acac5000 r--p 00000000 08:30 102775                     /usr/lib/x86_64-linux-gnu/libdl-2.31.so
74b3acac5000-74b3acac7000 r-xp 00001000 08:30 102775                     /usr/lib/x86_64-linux-gnu/libdl-2.31.so
74b3acac7000-74b3acac8000 r--p 00003000 08:30 102775                     /usr/lib/x86_64-linux-gnu/libdl-2.31.so
74b3acac8000-74b3acac9000 r--p 00003000 08:30 102775                     /usr/lib/x86_64-linux-gnu/libdl-2.31.so
74b3acac9000-74b3acaca000 rw-p 00004000 08:30 102775                     /usr/lib/x86_64-linux-gnu/libdl-2.31.so
74b3acaca000-74b3acad0000 r--p 00000000 08:30 103091                     /usr/lib/x86_64-linux-gnu/libpthread-2.31.so
74b3acad0000-74b3acae1000 r-xp 00006000 08:30 103091                     /usr/lib/x86_64-linux-gnu/libpthread-2.31.so
74b3acae1000-74b3acae7000 r--p 00017000 08:30 103091                     /usr/lib/x86_64-linux-gnu/libpthread-2.31.so
74b3acae7000-74b3acae8000 r--p 0001c000 08:30 103091                     /usr/lib/x86_64-linux-gnu/libpthread-2.31.so
74b3acae8000-74b3acae9000 rw-p 0001d000 08:30 103091                     /usr/lib/x86_64-linux-gnu/libpthread-2.31.so
74b3acae9000-74b3acaed000 rw-p 00000000 00:00 0 
74b3acaed000-74b3acaf5000 rw-s 00000000 08:30 389017                     /tmp/hsperfdata_root/3108
74b3acaf5000-74b3acaf6000 ---p 00000000 00:00 0 
74b3acaf6000-74b3acaf7000 r--p 00000000 00:00 0 
74b3acaf7000-74b3acb10000 r-xp 00000000 08:30 338850                     /root/.vscode-server/extensions/redhat.java-1.54.0-linux-x64/jre/21.0.10-linux-x86_64/lib/libjli.so
74b3acb10000-74b3acb11000 r--p 00018000 08:30 338850                     /root/.vscode-server/extensions/redhat.java-1.54.0-linux-x64/jre/21.0.10-linux-x86_64/lib/libjli.so
74b3acb11000-74b3acb12000 rw-p 00019000 08:30 338850                     /root/.vscode-server/extensions/redhat.java-1.54.0-linux-x64/jre/21.0.10-linux-x86_64/lib/libjli.so
74b3acb12000-74b3acb14000 rw-p 00000000 00:00 0 
74b3acb14000-74b3acb15000 r--p 00000000 08:30 103125                     /usr/lib/x86_64-linux-gnu/ld-2.31.so
74b3acb15000-74b3acb38000 r-xp 00001000 08:30 103125                     /usr/lib/x86_64-linux-gnu/ld-2.31.so
74b3acb38000-74b3acb40000 r--p 00024000 08:30 103125                     /usr/lib/x86_64-linux-gnu/ld-2.31.so
74b3acb40000-74b3acb41000 ---p 00000000 00:00 0 
74b3acb41000-74b3acb42000 r--p 0002c000 08:30 103125                     /usr/lib/x86_64-linux-gnu/ld-2.31.so
74b3acb42000-74b3acb43000 rw-p 0002d000 08:30 103125                     /usr/lib/x86_64-linux-gnu/ld-2.31.so
74b3acb43000-74b3acb44000 rw-p 00000000 00:00 0 
7ffcb408c000-7ffcb40af000 rw-p 00000000 00:00 0                          [stack]
7ffcb40ef000-7ffcb40f3000 r--p 00000000 00:00 0                          [vvar]
7ffcb40f3000-7ffcb40f5000 r-xp 00000000 00:00 0                          [vdso]
Total number of mappings: 683

JVMTI agents:
/root/.vscode-server/extensions/redhat.java-1.54.0-linux-x64/lombok/lombok-1.18.39-4050.jar path:none, loaded, initialized, instrumentlib options:none


VM Arguments:
jvm_args: --add-modules=ALL-SYSTEM --add-opens=java.base/java.util=ALL-UNNAMED --add-opens=java.base/java.lang=ALL-UNNAMED --add-opens=java.base/sun.nio.fs=ALL-UNNAMED -Declipse.application=org.eclipse.jdt.ls.core.id1 -Dosgi.bundles.defaultStartLevel=4 -Declipse.product=org.eclipse.jdt.ls.core.product -Djava.import.generatesMetadataFilesAtProjectRoot=false -DDetectVMInstallationsJob.disabled=true -Dfile.encoding=utf8 -XX:+UseParallelGC -XX:GCTimeRatio=4 -XX:AdaptiveSizePolicyWeight=90 -Dsun.zip.disableMemoryMapping=true -Xmx2G -Xms100m -Xlog:disable -javaagent:/root/.vscode-server/extensions/redhat.java-1.54.0-linux-x64/lombok/lombok-1.18.39-4050.jar -XX:+HeapDumpOnOutOfMemoryError -XX:HeapDumpPath=/root/.vscode-server/data/User/workspaceStorage/183b35a726069db3b3bebb403cde6151/redhat.java -Daether.dependencyCollector.impl=bf 
java_command: /root/.vscode-server/extensions/redhat.java-1.54.0-linux-x64/server/plugins/org.eclipse.equinox.launcher_1.7.100.v20251111-0406.jar -configuration /root/.vscode-server/data/User/globalStorage/redhat.java/1.54.0/config_linux -data /root/.vscode-server/data/User/workspaceStorage/183b35a726069db3b3bebb403cde6151/redhat.java/jdt_ws --pipe=/run/user/0/lsp-faa436f3ef1db295cd5bda65faeba53a.sock
java_class_path (initial): /root/.vscode-server/extensions/redhat.java-1.54.0-linux-x64/server/plugins/org.eclipse.equinox.launcher_1.7.100.v20251111-0406.jar
Launcher Type: SUN_STANDARD

[Global flags]
    uintx AdaptiveSizePolicyWeight                 = 90                                        {product} {command line}
     intx CICompilerCount                          = 15                                        {product} {ergonomic}
    uintx GCTimeRatio                              = 4                                         {product} {command line}
     bool HeapDumpOnOutOfMemoryError               = true                                   {manageable} {command line}
    ccstr HeapDumpPath                             = /root/.vscode-server/data/User/workspaceStorage/183b35a726069db3b3bebb403cde6151/redhat.java         {manageable} {command line}
   size_t InitialHeapSize                          = 104857600                                 {product} {command line}
   size_t MaxHeapSize                              = 2147483648                                {product} {command line}
   size_t MaxNewSize                               = 715653120                                 {product} {ergonomic}
   size_t MinHeapDeltaBytes                        = 524288                                    {product} {ergonomic}
   size_t MinHeapSize                              = 104857600                                 {product} {command line}
   size_t NewSize                                  = 34603008                                  {product} {ergonomic}
    uintx NonNMethodCodeHeapSize                   = 8192380                                {pd product} {ergonomic}
    uintx NonProfiledCodeHeapSize                  = 121732930                              {pd product} {ergonomic}
   size_t OldSize                                  = 70254592                                  {product} {ergonomic}
    uintx ProfiledCodeHeapSize                     = 121732930                              {pd product} {ergonomic}
    uintx ReservedCodeCacheSize                    = 251658240                              {pd product} {ergonomic}
     bool SegmentedCodeCache                       = true                                      {product} {ergonomic}
   size_t SoftMaxHeapSize                          = 2147483648                             {manageable} {ergonomic}
     bool UseCompressedOops                        = true                           {product lp64_product} {ergonomic}
     bool UseParallelGC                            = true                                      {product} {command line}

Logging:
Log output configuration:
 #0: stdout all=off uptime,level,tags foldmultilines=false
 #1: stderr all=off uptime,level,tags foldmultilines=false

Release file:
JAVA_VERSION="21.0.10"
MODULES="java.base java.compiler java.datatransfer java.xml java.prefs java.desktop java.instrument java.logging java.management java.security.sasl java.naming java.rmi java.management.rmi java.net.http java.scripting java.security.jgss java.transaction.xa java.sql java.sql.rowset java.xml.crypto java.se java.smartcardio jdk.accessibility jdk.internal.jvmstat jdk.attach jdk.charsets jdk.internal.opt jdk.zipfs jdk.compiler jdk.crypto.ec jdk.crypto.cryptoki jdk.dynalink jdk.internal.ed jdk.editpad jdk.hotspot.agent jdk.httpserver jdk.internal.le jdk.internal.vm.ci jdk.internal.vm.compiler jdk.internal.vm.compiler.management jdk.jartool jdk.javadoc jdk.jcmd jdk.management jdk.management.agent jdk.jconsole jdk.jdeps jdk.jdwp.agent jdk.jdi jdk.jfr jdk.jshell jdk.jsobject jdk.jstatd jdk.localedata jdk.management.jfr jdk.naming.dns jdk.naming.rmi jdk.net jdk.nio.mapmode jdk.random jdk.sctp jdk.security.auth jdk.security.jgss jdk.unsupported jdk.unsupported.desktop jdk.xml.dom"

Environment Variables:
PATH=/root/.vscode-server/bin/7e7950df89d055b5a378379db9ee14290772148a/bin/remote-cli:/root/.nvm/versions/node/v22.22.2/bin:/usr/local/sbin:/usr/local/bin:/usr/sbin:/usr/bin:/sbin:/bin:/usr/games:/usr/local/games:/usr/lib/wsl/lib:/mnt/c/Users/29436/AppData/Local/Programs/Python/Python312:/mnt/c/Users/29436/AppData/Local/Programs/Python/Python312/Scripts/:/mnt/c/Program Files/Microsoft MPI/Bin/:/mnt/d/VScode/cursor/resources/app/bin:/mnt/d/VScode/mingw64/bin:/mnt/d/VScode/Java/bin:/mnt/d/VScode/Java/jre/bin:/mnt/c/windows/system32:/mnt/c/windows:/mnt/c/windows/System32/Wbem:/mnt/c/windows/System32/WindowsPowerShell/v1.0/:/mnt/c/windows/System32/OpenSSH/:/mnt/c/Program Files (x86)/NVIDIA Corporation/PhysX/Common:/mnt/c/Program Files/NVIDIA Corporation/NVIDIA NvDLISR:/mnt/c/Users/Administrator/AppData/Local/Microsoft/WindowsApps:/mnt/c/Program Files/HP/OMEN-Broadcast/Common:/mnt/c/WINDOWS/system32:/mnt/c/WINDOWS:/mnt/c/WINDOWS/System32/Wbem:/mnt/c/WINDOWS/System32/WindowsPowerShell/v1.0/:/mnt/c/WINDOWS/System32/OpenSSH/:/mnt/d/Soft/WeChat:/mnt/d/MySQL/MySQL Server 8.0/bin:/mnt/d/nvm:/mnt/c/nvm4w/nodejs:/mnt/d/nvm:/mnt/d/VScode/Matlab/bin:/mnt/d/VScode/git/Git/cmd:/mnt/c/Users/29436/vcpkg:/mnt/c/Users/29436/vcpkg/buildtrees/soci:/mnt/d/VScode/Clion/bin/cmake/win/x64/bin:/mnt/c/Users/29436/vcpkg/installed/x64-windows/bin:/mnt/d/Soft/:/mnt/d/MySQL/MySQL Shell 8.0/bin/:/mnt/c/Users/29436/AppData/Local/Microsoft/WindowsApps:/mnt/c/Users/29436/AppData/Local/Programs/Ollama:/mnt/d/nvm:/mnt/c/nvm4w/:/mnt/d/Windows Kits/10/Windows Performance Toolkit/:/mnt/c/Program Files/Microsoft SQL Server/130/Tools/Binn/:/mnt/d/Tools/PostgreSQL/bin:/mnt/d/Tools/javaTools/apache-maven-3.9.11/bin:/mnt/d/Tools/Idea/IntelliJ IDEA 2025.2.5/bin:/mnt/c/Program Files/Docker/Docker/resources/bin:/mnt/d/Tools/Trae/bin:/mnt/c/Users/29436/AppData/Local/Programs/Python/Python312/Scripts/:/mnt/c/Users/29436/AppData/Local/Programs/Python/Python312/:/mnt/c/Users/29436/AppData/Local/Programs/Python/Launcher/:/mnt/d/MySQL/MySQL Shell 8.0/bin/:/mnt/c/Users/29436/AppData/Local/Microsoft/WindowsApps:/mnt/c/Users/29436/AppData/Local/Programs/Microsoft VS Code/bin:/mnt/c/Users/29436/AppData/Local/Programs/Ollama:/mnt/d/nvm:/mnt/c/nvm4w/nodejs:/mnt/d/Tools/Idea/IntelliJ IDEA 2025.2.5/bin:/mnt/d/Tools/cursor/resources/app/bin:/snap/bin:/usr/local/go/bin
SHELL=/bin/bash
DISPLAY=:0
WAYLAND_DISPLAY=wayland-0
HOSTTYPE=x86_64
LANG=C.UTF-8
TERM=xterm-256color

Active Locale:
LC_ALL=C.UTF-8
LC_COLLATE=C.UTF-8
LC_CTYPE=C.UTF-8
LC_MESSAGES=C.UTF-8
LC_MONETARY=C.UTF-8
LC_NUMERIC=C.UTF-8
LC_TIME=C.UTF-8

Signal Handlers:
   SIGSEGV: crash_handler in libjvm.so, mask=11100100010111111101111111111110, flags=SA_RESTART|SA_SIGINFO, unblocked
    SIGBUS: crash_handler in libjvm.so, mask=11100100010111111101111111111110, flags=SA_RESTART|SA_SIGINFO, unblocked
    SIGFPE: crash_handler in libjvm.so, mask=11100100010111111101111111111110, flags=SA_RESTART|SA_SIGINFO, unblocked
   SIGPIPE: javaSignalHandler in libjvm.so, mask=11100100010111111101111111111110, flags=SA_RESTART|SA_SIGINFO, blocked
   SIGXFSZ: javaSignalHandler in libjvm.so, mask=11100100010111111101111111111110, flags=SA_RESTART|SA_SIGINFO, blocked
    SIGILL: crash_handler in libjvm.so, mask=11100100010111111101111111111110, flags=SA_RESTART|SA_SIGINFO, unblocked
   SIGUSR2: SR_handler in libjvm.so, mask=00000000000000000000000000000000, flags=SA_RESTART|SA_SIGINFO, blocked
    SIGHUP: UserHandler in libjvm.so, mask=11100100010111111101111111111110, flags=SA_RESTART|SA_SIGINFO, blocked
    SIGINT: UserHandler in libjvm.so, mask=11100100010111111101111111111110, flags=SA_RESTART|SA_SIGINFO, blocked
   SIGTERM: UserHandler in libjvm.so, mask=11100100010111111101111111111110, flags=SA_RESTART|SA_SIGINFO, blocked
   SIGQUIT: UserHandler in libjvm.so, mask=11100100010111111101111111111110, flags=SA_RESTART|SA_SIGINFO, blocked
   SIGTRAP: crash_handler in libjvm.so, mask=11100100010111111101111111111110, flags=SA_RESTART|SA_SIGINFO, unblocked


Periodic native trim disabled

---------------  S Y S T E M  ---------------

OS:
DISTRIB_ID=Ubuntu
DISTRIB_RELEASE=20.04
DISTRIB_CODENAME=focal
DISTRIB_DESCRIPTION="Ubuntu 20.04.6 LTS"
uname: Linux 6.6.87.2-microsoft-standard-WSL2 #1 SMP PREEMPT_DYNAMIC Thu Jun  5 18:30:46 UTC 2025 x86_64
OS uptime: 0 days 4:56 hours
libc: glibc 2.31 NPTL 2.31 
rlimit (soft/hard): STACK 8192k/infinity , CORE 0k/infinity , NPROC 31097/31097 , NOFILE 1048576/1048576 , AS infinity/infinity , CPU infinity/infinity , DATA infinity/infinity , FSIZE infinity/infinity , MEMLOCK 65536k/65536k
load average: 0.66 0.34 0.13

/proc/meminfo:
MemTotal:        7970920 kB
MemFree:         5092664 kB
MemAvailable:    5238624 kB
Buffers:            8008 kB
Cached:           242368 kB
SwapCached:       107536 kB
Active:           422172 kB
Inactive:        1778744 kB
Active(anon):     263536 kB
Inactive(anon):  1691072 kB
Active(file):     158636 kB
Inactive(file):    87672 kB
Unevictable:           0 kB
Mlocked:               0 kB
SwapTotal:       2097152 kB
SwapFree:        1096836 kB
Dirty:               288 kB
Writeback:             0 kB
AnonPages:       1851800 kB
Mapped:           101844 kB
Shmem:              3728 kB
KReclaimable:      78700 kB
Slab:             218568 kB
SReclaimable:      78700 kB
SUnreclaim:       139868 kB
KernelStack:       11776 kB
PageTables:        34168 kB
SecPageTables:         0 kB
NFS_Unstable:          0 kB
Bounce:                0 kB
WritebackTmp:          0 kB
CommitLimit:     6082612 kB
Committed_AS:    4912240 kB
VmallocTotal:   34359738367 kB
VmallocUsed:       93856 kB
VmallocChunk:          0 kB
Percpu:            16512 kB
HardwareCorrupted:     0 kB
AnonHugePages:         0 kB
ShmemHugePages:        0 kB
ShmemPmdMapped:        0 kB
FileHugePages:         0 kB
FilePmdMapped:         0 kB
Unaccepted:            0 kB
HugePages_Total:       0
HugePages_Free:        0
HugePages_Rsvd:        0
HugePages_Surp:        0
Hugepagesize:       2048 kB
Hugetlb:               0 kB
DirectMap4k:      130048 kB
DirectMap2M:     6002688 kB
DirectMap1G:    10485760 kB

/sys/kernel/mm/transparent_hugepage/enabled: always [madvise] never
/sys/kernel/mm/transparent_hugepage/hpage_pmd_size: 2097152
/sys/kernel/mm/transparent_hugepage/defrag (defrag/compaction efforts parameter): always defer defer+madvise [madvise] never

Process Memory:
Virtual Size: 14802104K (peak: 14881260K)
Resident Set Size: 1279680K (peak: 1279680K) (anon: 1257408K, file: 22272K, shmem: 0K)
Swapped out: 160432K
C-Heap outstanding allocations: 136933K, retained: 298302K (may have wrapped)
glibc malloc tunables: (default)

/proc/sys/kernel/threads-max (system-wide limit on the number of threads): 62194
/proc/sys/vm/max_map_count (maximum number of memory map areas a process may have): 65530
/proc/sys/vm/swappiness (control to define how aggressively the kernel swaps out anonymous memory): 60
/proc/sys/kernel/pid_max (system-wide limit on number of process identifiers): 4194304

container information not found.
Hyper-V virtualization detected
Steal ticks since vm start: 0
Steal ticks percentage since vm start:  0.000

CPU: total 32 (initial active 32) (16 cores per cpu, 2 threads per core) family 6 model 183 stepping 1 microcode 0xffffffff, cx8, cmov, fxsr, ht, mmx, 3dnowpref, sse, sse2, sse3, ssse3, sse4.1, sse4.2, popcnt, lzcnt, tsc, tscinvbit, avx, avx2, aes, erms, clmul, bmi1, bmi2, adx, sha, fma, vzeroupper, clflush, clflushopt, clwb, hv, serialize, rdtscp, rdpid, fsrm, f16c, cet_ibt, cet_ss
CPU Model and flags from /proc/cpuinfo:
model name	: 13th Gen Intel(R) Core(TM) i9-13900HX
flags		: fpu vme de pse tsc msr pae mce cx8 apic sep mtrr pge mca cmov pat pse36 clflush mmx fxsr sse sse2 ss ht syscall nx pdpe1gb rdtscp lm constant_tsc rep_good nopl xtopology tsc_reliable nonstop_tsc cpuid tsc_known_freq pni pclmulqdq vmx ssse3 fma cx16 pcid sse4_1 sse4_2 x2apic movbe popcnt tsc_deadline_timer aes xsave avx f16c rdrand hypervisor lahf_lm abm 3dnowprefetch ssbd ibrs ibpb stibp ibrs_enhanced tpr_shadow ept vpid ept_ad fsgsbase tsc_adjust bmi1 avx2 smep bmi2 erms invpcid rdseed adx smap clflushopt clwb sha_ni xsaveopt xsavec xgetbv1 xsaves avx_vnni vnmi umip waitpkg gfni vaes vpclmulqdq rdpid movdiri movdir64b fsrm md_clear serialize flush_l1d arch_capabilities

Online cpus: 0-31
Offline cpus: 
BIOS frequency limitation: <Not Available>
Frequency switch latency (ns): <Not Available>
Available cpu frequencies: <Not Available>
Current governor: <Not Available>
Core performance/turbo boost: <Not Available>

Memory: 4k page, physical 7970920k(5237668k free), swap 2097152k(1097092k free)
Page Sizes: 4k

vm_info: OpenJDK 64-Bit Server VM (21.0.10+7-LTS) for linux-amd64 JRE (21.0.10+7-LTS), built on 2026-01-20T00:00:00Z by "admin" with gcc 11.3.0

END.
